"gvkey","company_name","final_commitment_year","commitment_date_source","match_method"
"100001","ACCOR S.A.",2020,"historical_committed","ISIN"
"100022","BMW Group",2020,"historical_committed","ISIN"
"100048","Fanuc Corporation",2021,"inferred_from_targets_set","ISIN"
"100060","Travis Perkins",2016,"historical_committed","ISIN"
"100080","Bayer AG",2019,"historical_committed","ISIN"
"100083","Beiersdorf AG",2019,"inferred_from_targets_set","ISIN"
"100103","Lufthansa Group",2021,"inferred_from_targets_set","LEI"
"100122","Senior Plc",2015,"historical_committed","ISIN"
"100131","Tesco",2016,"inferred_from_targets_set","ISIN"
"100132","Morrisons",2021,"inferred_from_targets_set","ISIN"
"100135","Tate & Lyle PLC",2019,"inferred_from_targets_set","ISIN"
"100140","Nissin Foods Holdings Co., Ltd.",2019,"inferred_from_targets_set","ISIN"
"100153","Nippon Yusen Kabushiki Kaisha",2019,"inferred_from_targets_set","ISIN"
"10016","Stanley Black & Decker",2019,"inferred_from_targets_set","ISIN"
"100171","BARRATT DEVELOPMENTS PLC",2019,"historical_committed","ISIN"
"100226","Murata Manufacturing Co., Ltd.",2020,"historical_committed","ISIN"
"100253","Ajinomoto Co., Inc.",2019,"historical_committed","ISIN"
"100290","ONO PHARMACEUTICAL CO., LTD.",2019,"inferred_from_targets_set","ISIN"
"100336","Daiichi Sankyo Co., Ltd.",2016,"inferred_from_targets_set","ISIN"
"100346","Carrefour",2016,"historical_committed","ISIN"
"100368","GEA Group",2020,"inferred_from_targets_set","ISIN"
"100373","Heidelberg Materials",2019,"inferred_from_targets_set","ISIN"
"100388","SCREEN Holdings Co., Ltd.",2019,"inferred_from_targets_set","ISIN"
"100397","Haseko Corporation",2021,"inferred_from_targets_set","ISIN"
"100418","Eisai Co., Ltd.",2019,"inferred_from_targets_set","ISIN"
"100461","Brambles",2020,"historical_committed","ISIN"
"100486","Nikon Corporation",2019,"inferred_from_targets_set","ISIN"
"100490","Konica Minolta, Inc.",2015,"historical_committed","ISIN"
"100519","Brother Industries, Ltd.",2019,"inferred_from_targets_set","ISIN"
"100522","MITSUI FUDOSAN CO., LTD.",2020,"inferred_from_targets_set","ISIN"
"100547","MARUI GROUP CO.,LTD.",2019,"inferred_from_targets_set","ISIN"
"100572","Pearson PLC",2019,"inferred_from_targets_set","ISIN"
"100581","L'Oréal",2017,"historical_committed","ISIN"
"100583","Maeda Corporation",2019,"inferred_from_targets_set","ISIN"
"100590","E.ON SE",2021,"historical_committed","ISIN"
"100602","Fyffes",2020,"inferred_from_targets_set","ISIN"
"100609","Continental",2019,"inferred_from_targets_set","ISIN"
"100635","Corbion",2018,"historical_committed","ISIN"
"100640","SEKISUI CHEMICAL CO., LTD",2019,"inferred_from_targets_set","ISIN"
"100665","CLP Holdings Limited",2015,"historical_committed","ISIN"
"100668","Astellas Pharma Inc.",2019,"inferred_from_targets_set","ISIN"
"100689","SUMITOMO CHEMICAL Co., Ltd.",2019,"inferred_from_targets_set","ISIN"
"100692","Nippon Sheet Glass, Co., Ltd. (NSG Group).",2019,"inferred_from_targets_set","ISIN"
"100699","Sharp Corporation",2019,"inferred_from_targets_set","ISIN"
"100702","USHIO INC.",2019,"historical_committed","ISIN"
"100706","Keppel Land",2021,"inferred_from_targets_set","ISIN"
"100707","Shionogi & Co.,Ltd",2020,"historical_committed","ISIN"
"100718","Takeda Pharmaceutical Company",2017,"historical_committed","ISIN"
"100721","OKI Electric Industry Co., Ltd.",2022,"historical_committed","ISIN"
"100728","Bellway Homes Limited",2021,"inferred_from_targets_set","ISIN"
"100729","TOPPAN Holdings INC.",2018,"inferred_from_targets_set","ISIN"
"100737","Volkswagen AG",2015,"historical_committed","ISIN"
"100744","Holmen AB",2021,"historical_committed","ISIN"
"100746","CECONOMY AG",2022,"historical_committed","ISIN"
"100751","UCB",2018,"historical_committed","ISIN"
"100760","Kingfisher plc",2015,"historical_committed","ISIN"
"100774","Johnson Matthey Plc",2020,"inferred_from_targets_set","ISIN"
"100801","Kerry Group PLC",2019,"inferred_from_targets_set","ISIN"
"100816","Taylor Wimpey plc",2020,"historical_committed","ISIN"
"100840","ASICS Corporation",2016,"historical_committed","ISIN"
"100894","Woolworths Group Limited",2019,"historical_committed","ISIN"
"100913","Orkla ASA",2017,"historical_committed","ISIN"
"100921","Marshalls plc",2019,"historical_committed","ISIN"
"100926","Sekisui House, LTD",2017,"historical_committed","ISIN"
"100949","TAISEI CORPORATION",2016,"historical_committed","ISIN"
"100953","RWE AG",2019,"inferred_from_targets_set","ISIN"
"100956","Swedish Match",2019,"inferred_from_targets_set","ISIN"
"100957","Iberdrola SA",2015,"historical_committed","ISIN"
"100980","Skanska AB",2020,"historical_committed","ISIN"
"100982","Shimizu Corporation",2017,"historical_committed","ISIN"
"101004","DS Smith",2021,"historical_committed","ISIN"
"101009","The Berkeley Group Holdings plc",2020,"inferred_from_targets_set","ISIN"
"101017","Metsä Board Corporation",2017,"historical_committed","ISIN"
"101020","Stora Enso",2016,"historical_committed","ISIN"
"101023","KONE Corporation",2019,"inferred_from_targets_set","ISIN"
"101035","Niterra Co., Ltd.",2021,"historical_committed","ISIN"
"101042","Kawasaki Kisen Kaisha, Ltd.",2016,"historical_committed","ISIN"
"101063","Tobishima Corporation",2021,"inferred_from_targets_set","ISIN"
"101069","Teijin limited",2021,"historical_committed","ISIN"
"101110","Lion Corporation",2019,"inferred_from_targets_set","ISIN"
"101130","Carlsberg Group",2016,"inferred_from_targets_set","ISIN"
"101131","Yamaha Corporation",2019,"inferred_from_targets_set","ISIN"
"101173","Casino Guichard Perrachon SA",2019,"inferred_from_targets_set","ISIN"
"101178","FLSmidth",2020,"inferred_from_targets_set","ISIN"
"101202","Air Liquide Group S.A.",2019,"historical_committed","ISIN"
"101204","SANOFI",2019,"historical_committed","ISIN"
"101232","Persimmon PLC",2020,"inferred_from_targets_set","ISIN"
"101256","Fisher & Paykel Healthcare Corporation Limited",2019,"inferred_from_targets_set","ISIN"
"101260","BEL S.A.",2017,"historical_committed","ISIN"
"101277","Michelin",2019,"historical_committed","ISIN"
"101292","Publicis Groupe",2020,"historical_committed","ISIN"
"101304","Holcim Ltd.",2020,"inferred_from_targets_set","ISIN"
"101310","Novartis AG",2016,"historical_committed","ISIN"
"101320","SPIE",2021,"historical_committed","ISIN"
"101327","Groupe SEB",2016,"historical_committed","ISIN"
"101336","Schneider Electric",2017,"historical_committed","ISIN"
"101340","SGS SA",2016,"historical_committed","ISIN"
"101343","Schindler Group",2021,"historical_committed","ISIN"
"101396","Pernod Ricard",2019,"inferred_from_targets_set","ISIN"
"101434","Lenzing AG",2019,"historical_committed","ISIN"
"101467","VALLOUREC",2019,"historical_committed","ISIN"
"101500","COLAS SA",2020,"inferred_from_targets_set","ISIN"
"101538","Coloplast A/S",2020,"historical_committed","ISIN"
"101553","Sacyr S.A.",2020,"historical_committed","ISIN"
"101564","Lassila & Tikanoja plc",2019,"historical_committed","ISIN"
"101714","Huhtamäki Oyj",2020,"inferred_from_targets_set","ISIN"
"101718","UPM-Kymmene Corporation",2017,"historical_committed","ISIN"
"101739","Fiskars Group",2019,"inferred_from_targets_set","ISIN"
"101757","Nishimatsu Construction Co., Ltd",2021,"historical_committed","ISIN"
"101811","SAINT-GOBAIN",2018,"inferred_from_targets_set","ISIN"
"101824","LIXIL Corporation",2017,"inferred_from_targets_set","ISIN"
"101828","Tietoevry Oyj",2021,"historical_committed","ISIN"
"101839","Outokumpu Oyj",2016,"historical_committed","ISIN"
"101866","Meiji Holdings Co., Ltd.",2020,"inferred_from_targets_set","ISIN"
"101891","SHIMADZU CORPORATION",2019,"historical_committed","ISIN"
"101922","Barco NV",2020,"historical_committed","ISIN"
"101937","DMG MORI AKTIENGESELLSCHAFT",2020,"inferred_from_targets_set","ISIN"
"101939","TODA Corporation",2016,"inferred_from_targets_set","ISIN"
"101942","Henkel AG & Co. KGaA",2019,"historical_committed","ISIN"
"101944","Capgemini SE",2017,"historical_committed","ISIN"
"101959","Kagome Co., Ltd.",2021,"historical_committed","ISIN"
"101971","Kesko Corporation",2016,"inferred_from_targets_set","ISIN"
"102056","Sanyo Special Steel Co., Ltd.",2017,"historical_committed","ISIN"
"102089","Sodexo S.A.",2015,"historical_committed","ISIN"
"102146","Terumo Corporation",2019,"inferred_from_targets_set","ISIN"
"102155","Sumitomo Forestry Co., Ltd",2017,"historical_committed","ISIN"
"102175","PUMA SE",2016,"historical_committed","ISIN"
"102250","Hugo Boss AG",2019,"inferred_from_targets_set","ISIN"
"102256","DMG Mori Co., Ltd.",2021,"historical_committed","ISIN"
"102260","ITV",2020,"inferred_from_targets_set","ISIN"
"102276","H&M Group",2021,"inferred_from_targets_set","ISIN"
"102296","VINCI SA",2021,"inferred_from_targets_set","ISIN"
"102299","Forvia",2019,"inferred_from_targets_set","ISIN"
"102368","Tubacex, S.A.",2020,"historical_committed","ISIN"
"102401","ASTM S.p.A.",2020,"inferred_from_targets_set","ISIN"
"102422","Sappi Limited",2020,"historical_committed","ISIN"
"102441","J. FRONT RETAILING Co., Ltd.",2019,"inferred_from_targets_set","ISIN"
"102454","dsm-firmenich",2019,"inferred_from_targets_set","ISIN"
"10247","Sysco Corporation",2021,"inferred_from_targets_set","ISIN"
"102523","Valeo",2020,"inferred_from_targets_set","ISIN"
"102553","Countryside Properties",2020,"inferred_from_targets_set","ISIN"
"102569","Spectris plc",2020,"inferred_from_targets_set","ISIN"
"102574","Kingspan Group Plc",2019,"inferred_from_targets_set","ISIN"
"102576","Hays plc",2021,"inferred_from_targets_set","ISIN"
"102596","Glanbia PLC",2020,"inferred_from_targets_set","ISIN"
"102603","Severn Trent",2020,"historical_committed","ISIN"
"102653","The British Land Company PLC",2020,"historical_committed","ISIN"
"102704","United Utilities Group PLC",2020,"historical_committed","ISIN"
"102712","ACCIONA S.A.",2016,"historical_committed","ISIN"
"102765","Imerys SA",2019,"inferred_from_targets_set","ISIN"
"102778","Takasago Thermal Engineering",2020,"historical_committed","ISIN"
"102862","Hitachi Construction Machinery Co. LTD",2017,"historical_committed","ISIN"
"102902","Compagnie Financière Richemont SA",2020,"inferred_from_targets_set","ISIN"
"102904","Danieli Group",2021,"inferred_from_targets_set","ISIN"
"102915","SSAB",2019,"inferred_from_targets_set","ISIN"
"102947","Royal BAM Group",2017,"historical_committed","ISIN"
"102950","Asahi Group Holdings Ltd.",2017,"historical_committed","ISIN"
"103042","Yamazen Co.,Ltd.",2021,"inferred_from_targets_set","ISIN"
"103051","AFRY (ÅF Pöyry)",2020,"historical_committed","ISIN"
"103053","ROHM Co., Ltd.",2021,"historical_committed","ISIN"
"103133","EVN AG",2021,"historical_committed","ISIN"
"103176","thyssenkrupp AG",2019,"inferred_from_targets_set","ISIN"
"103186","Greencore Group plc",2020,"inferred_from_targets_set","ISIN"
"103255","Bertelsmann SE & Co. KGaA",2020,"historical_committed","ISIN"
"103264","Plastic Omnium SE",2021,"historical_committed","ISIN"
"103269","Krones AG",2016,"historical_committed","ISIN"
"103325","Logista",2016,"historical_committed","ISIN"
"103342","SSE",2016,"historical_committed","ISIN"
"103487","SAP SE",2016,"inferred_from_targets_set","ISIN"
"103599","Vidrala",2021,"historical_committed","ISIN"
"104831","Spark New Zealand",2020,"inferred_from_targets_set","ISIN"
"104833","HEINEKEN N.V.",2019,"historical_committed","ISIN"
"104854","Unicharm Corporation",2017,"historical_committed","ISIN"
"104907","Capita Plc",2020,"inferred_from_targets_set","ISIN"
"104950","FamilyMart Co.,Ltd.",2019,"inferred_from_targets_set","ISIN"
"104997","Inmobiliaria Colonial, SOCIMI, S.A.",2021,"historical_committed","ISIN"
"105089","CEMEX, S.A.B de C.V.",2020,"inferred_from_targets_set","ISIN"
"105365","American Tower Corporation",2020,"inferred_from_targets_set","ISIN"
"105861","Wheaton Precious Metals Corp.",2021,"inferred_from_targets_set","ISIN"
"10622","Toshiba Corporation",2019,"inferred_from_targets_set","ISIN"
"106755","Ambuja Cements Ltd",2019,"historical_committed","ISIN"
"106815","Hellenic Cables",2021,"historical_committed","ISIN"
"107225","Lenovo Group Limited",2019,"historical_committed","ISIN"
"10793","Tyson Foods, Inc.",2018,"inferred_from_targets_set","ISIN"
"10846","Unilever plc",2015,"historical_committed","ISIN"
"10884","Chiquita Brands International Sàrl",2020,"inferred_from_targets_set","ISIN"
"11017","Universal Corporation",2020,"historical_committed","ISIN"
"110179","Ventas, Inc.",2020,"historical_committed","ISIN"
"11060","VF Corporation",2018,"historical_committed","ISIN"
"111864","Cognizant Technology Solutions Corporation",2021,"inferred_from_targets_set","ISIN"
"112116","PostNL",2019,"inferred_from_targets_set","ISIN"
"112158","Celestica",2017,"historical_committed","ISIN"
"112168","Republic Services",2019,"inferred_from_targets_set","ISIN"
"11220","Vornado Realty Trust",2020,"inferred_from_targets_set","ISIN"
"11259","Walmart Inc.",2016,"inferred_from_targets_set","ISIN"
"11399","Western Digital",2020,"inferred_from_targets_set","ISIN"
"11465","Whirlpool Corporation",2019,"historical_committed","ISIN"
"114927","Swisscom AG",2016,"historical_committed","ISIN"
"11511","Williams-Sonoma, Inc.",2020,"inferred_from_targets_set","ISIN"
"1161","Advanced Micro Devices, Inc",2016,"inferred_from_targets_set","ISIN"
"11636","Xerox Corporation",2015,"historical_committed","ISIN"
"116961","Valmet",2016,"historical_committed","ISIN"
"12141","Microsoft Corporation",2019,"inferred_from_targets_set","ISIN"
"122380","Lennox International Inc.",2021,"historical_committed","ISIN"
"12540","Adobe, Inc.",2020,"inferred_from_targets_set","ISIN"
"125814","Weyerhaeuser Company",2021,"historical_committed","ISIN"
"12785","Pilgrim’s Pride Ltd.",2020,"inferred_from_targets_set","ISIN"
"13125","Healthpeak Properties, Inc.",2019,"inferred_from_targets_set","ISIN"
"13510","Duke Realty",2021,"inferred_from_targets_set","ISIN"
"135990","NRG Energy Inc",2015,"historical_committed","ISIN"
"13683","TELEFÓNICA",2017,"historical_committed","ISIN"
"137131","Charles River Laboratories, Inc.",2020,"historical_committed","ISIN"
"138205","Illumina, Inc.",2020,"inferred_from_targets_set","ISIN"
"138743","Equinix, Inc.",2020,"inferred_from_targets_set","ISIN"
"1388","American Airlines",2021,"historical_committed","ISIN"
"139665","Moody's Corporation",2019,"inferred_from_targets_set","ISIN"
"141239","A1 Telekom Austria Group",2019,"inferred_from_targets_set","ISIN"
"142248","America Movil, S.A.B. de C.V.",2020,"inferred_from_targets_set","ISIN"
"142953","Mondelez International Inc",2019,"inferred_from_targets_set","ISIN"
"143357","Accenture",2019,"inferred_from_targets_set","ISIN"
"14370","ManpowerGroup Inc.",2020,"inferred_from_targets_set","ISIN"
"144435","Bunge Limited",2020,"inferred_from_targets_set","ISIN"
"14447","LVMH",2021,"historical_committed","ISIN"
"144559","Zimmer Biomet",2020,"historical_committed","ISIN"
"14489","Dell Technologies",2019,"inferred_from_targets_set","ISIN"
"14563","Mercer International",2021,"historical_committed","ISIN"
"14605","WPP Plc",2020,"inferred_from_targets_set","ISIN"
"14620","Electrolux Group",2017,"historical_committed","ISIN"
"147305","JetBlue Airways Corporation",2022,"historical_committed","LEI"
"147579","Netflix",2020,"inferred_from_targets_set","ISIN"
"147988","AECOM",2019,"historical_committed","ISIN"
"14894","Vodafone Group Plc",2019,"historical_committed","ISIN"
"150278","Carter's, Inc.",2021,"inferred_from_targets_set","ISIN"
"15444","CRH plc",2019,"historical_committed","ISIN"
"154941","Hera",2019,"historical_committed","ISIN"
"15602","Landsec",2016,"inferred_from_targets_set","ISIN"
"15638","Schroders",2021,"historical_committed","ISIN"
"15644","SEGRO plc,",2018,"historical_committed","ISIN"
"157855","Salesforce.com, Inc.",2019,"historical_committed","ISIN"
"15833","Coats Group plc",2021,"historical_committed","ISIN"
"15908","Eurazeo",2020,"historical_committed","ISIN"
"15936","Klépierre",2019,"inferred_from_targets_set","ISIN"
"1602","Amgen Inc.",2021,"inferred_from_targets_set","exact_name"
"160225","Mastercard",2019,"inferred_from_targets_set","ISIN"
"160991","Digital Realty",2019,"inferred_from_targets_set","ISIN"
"16301","Tokyo Tatemono Co., Ltd.",2020,"inferred_from_targets_set","ISIN"
"1632","Analog Devices, Inc.",2020,"historical_committed","ISIN"
"16383","Unibail-Rodamco-Westfield SE",2019,"inferred_from_targets_set","ISIN"
"16398","Citycon Oyj",2020,"historical_committed","ISIN"
"164471","Restaurant Brands International Inc.",2020,"inferred_from_targets_set","ISIN"
"16476","Levi Strauss & Co.",2018,"historical_committed","ISIN"
"165052","Under Armour, Inc.",2020,"historical_committed","ISIN"
"165914","Chipotle Mexican Grill, Inc.",2020,"historical_committed","ISIN"
"16603","Nestlé",2015,"historical_committed","ISIN"
"1690","Apple, Inc.",2020,"inferred_from_targets_set","ISIN"
"171007","ServiceNow Inc.",2021,"historical_committed","ISIN"
"17287","Sibanye-Stillwater",2018,"inferred_from_targets_set","ISIN"
"17420","Atlas Copco AB",2020,"inferred_from_targets_set","ISIN"
"17452","Danone",2016,"historical_committed","ISIN"
"174637","ICF",2020,"inferred_from_targets_set","ISIN"
"17525","Origin Energy",2016,"historical_committed","ISIN"
"17703","CASIO COMPUTER CO., LTD.",2019,"historical_committed","ISIN"
"178015","lululemon",2019,"historical_committed","ISIN"
"17827","Dai Nippon Printing Co., Ltd.",2017,"historical_committed","ISIN"
"17830","Daiwa House Industry Co., Ltd.",2019,"inferred_from_targets_set","ISIN"
"17874","T-Mobile USA, Inc.",2018,"inferred_from_targets_set","ISIN"
"179534","Visa Inc.",2021,"historical_committed","ISIN"
"179621","Philip Morris International",2015,"historical_committed","ISIN"
"18043","News Corp",2019,"inferred_from_targets_set","ISIN"
"180483","Berry Global Group, Inc.",2019,"historical_committed","ISIN"
"183366","Hyatt",2020,"inferred_from_targets_set","ISIN"
"18383","Brixmor Property Group",2020,"inferred_from_targets_set","ISIN"
"18467","Fujitsu Limited",2016,"inferred_from_targets_set","ISIN"
"18636","Diageo Plc",2015,"historical_committed","ISIN"
"18715","KAO Corporation",2015,"historical_committed","ISIN"
"18729","Kirin Holdings Co Ltd",2016,"inferred_from_targets_set","ISIN"
"18754","Kumagai Gumi Co., Ltd.",2020,"inferred_from_targets_set","ISIN"
"1878","Autodesk, Inc.",2015,"historical_committed","ISIN"
"18860","Marks & Spencer",2015,"historical_committed","ISIN"
"19043","Mitsubishi Electric Corporation",2019,"historical_committed","ISIN"
"19083","New World Development Company Limited",2021,"historical_committed","ISIN"
"19113","Nissan Motor Co., Ltd.",2015,"historical_committed","ISIN"
"1913","Avery Dennison Corporation",2016,"historical_committed","ISIN"
"19157","OMRON Corporation",2019,"historical_committed","ISIN"
"1932","British American Tobacco (BAT)",2021,"historical_committed","ISIN"
"19344","Shiseido Company Limited",2021,"historical_committed","ISIN"
"19349","Siemens AG",2015,"historical_committed","ISIN"
"19413","Sumitomo Electric Industries, Ltd.",2020,"historical_committed","ISIN"
"19579","J Sainsbury plc",2020,"historical_committed","ISIN"
"19646","Tokyu Fudosan Holdings Corporation",2020,"historical_committed","ISIN"
"19656","TOTO LTD.",2020,"inferred_from_targets_set","ISIN"
"19741","SECOM Co., Ltd.",2020,"inferred_from_targets_set","ISIN"
"1988","Ball Corporation",2019,"historical_committed","ISIN"
"200218","ARÇELİK A.Ş.",2019,"historical_committed","ISIN"
"200295","ACC Limited",2020,"historical_committed","ISIN"
"200363","Atos SE",2016,"historical_committed","ISIN"
"200384","Proximus",2015,"historical_committed","ISIN"
"200421","LOTTE CO., LTD.",2021,"inferred_from_targets_set","exact_name"
"200448","Mahindra & Mahindra Limited",2019,"historical_committed","ISIN"
"200606","A.G. Barr plc",2021,"inferred_from_targets_set","ISIN"
"20067","InterContinental Hotels Group PLC",2019,"historical_committed","ISIN"
"200752","Grupo Bimbo SAB de CV",2020,"inferred_from_targets_set","ISIN"
"201066","Cathay Financial Holding Co., Ltd",2021,"inferred_from_targets_set","ISIN"
"201323","Cranswick plc",2020,"historical_committed","ISIN"
"20145","Furukawa Electric Co., Ltd.",2019,"inferred_from_targets_set","ISIN"
"201543","Daito Trust Construction Co., Ltd.",2018,"historical_committed","ISIN"
"201584","KDDI Corporation",2017,"historical_committed","ISIN"
"201794","Enel SpA",2016,"inferred_from_targets_set","ISIN"
"202086","GETLINK",2020,"inferred_from_targets_set","ISIN"
"202334","FUJI OIL HOLDINGS INC.",2019,"historical_committed","ISIN"
"202952","Klabin S.A.",2019,"historical_committed","ISIN"
"203053","Hermès International",2021,"historical_committed","ISIN"
"20315","Cogeco Inc.",2020,"inferred_from_targets_set","ISIN"
"203189","HUBER+SUHNER Group",2017,"historical_committed","ISIN"
"203836","TCC Group Holdings",2019,"inferred_from_targets_set","ISIN"
"203864","Takasago International Corporation",2019,"historical_committed","ISIN"
"203889","TATA CHEMICALS LIMITED",2019,"historical_committed","ISIN"
"204029","Dexus",2019,"inferred_from_targets_set","ISIN"
"204671","CEZ Group",2021,"historical_committed","ISIN"
"204867","Wipro",2015,"historical_committed","ISIN"
"205012","Marimekko Corporation",2022,"historical_committed","ISIN"
"205120","Atea",2017,"historical_committed","ISIN"
"205679","Lojas Renner S.A.",2020,"historical_committed","ISIN"
"205868","Nutreco",2020,"historical_committed","ISIN"
"205915","Benesse Corporation, Inc.",2018,"historical_committed","ISIN"
"205957","Fabege AB",2020,"historical_committed","ISIN"
"206197","NTT DATA Corporation",2019,"inferred_from_targets_set","ISIN"
"206296","Yuanta Financial Holding Co Ltd",2019,"historical_committed","ISIN"
"206319","Hindustan Zinc Limited",2017,"historical_committed","ISIN"
"206414","Abbott",2021,"inferred_from_targets_set","ISIN"
"206489","Clariant AG",2020,"historical_committed","ISIN"
"207168","RPS Group plc",2020,"historical_committed","ISIN"
"20779","Cisco Systems, Inc.",2016,"historical_committed","ISIN"
"208095","Singapore Telecommunications Limited (Singtel)",2017,"inferred_from_targets_set","ISIN"
"208799","Santen Pharmaceutical Co., Ltd",2020,"inferred_from_targets_set","ISIN"
"209048","TITAN Cement Group",2020,"inferred_from_targets_set","ISIN"
"209405","Vestel Elektronik Sanayi ve Ticaret A.S.",2021,"inferred_from_targets_set","ISIN"
"209418","CONCHA Y TORO",2018,"inferred_from_targets_set","ISIN"
"210201","Delta Electronics Inc.",2015,"historical_committed","ISIN"
"210216","Telstra Group Limited",2020,"historical_committed","ISIN"
"210418","ABB",2019,"historical_committed","ISIN"
"210479","GROUPE RENAULT",2019,"inferred_from_targets_set","ISIN"
"210614","Go-Ahead Holdings Limited",2020,"inferred_from_targets_set","ISIN"
"210823","Mayr-Melnhof Karton AG",2021,"historical_committed","ISIN"
"211009","Infosys Limited",2020,"historical_committed","ISIN"
"211167","Shree Cement Ltd.",2019,"inferred_from_targets_set","ISIN"
"211294","Dalmia Bharat Limited",2019,"historical_committed","ISIN"
"211415","Sopra Steria Group",2015,"historical_committed","ISIN"
"211447","Kuehne + Nagel International AG",2020,"historical_committed","ISIN"
"211452","Nokian Tyres plc",2019,"historical_committed","ISIN"
"211503","Teleperformance",2020,"inferred_from_targets_set","ISIN"
"211777","Cofinimmo",2019,"inferred_from_targets_set","ISIN"
"211819","National Grid (Group) PLC",2015,"historical_committed","ISIN"
"212167","SKYCITY Entertainment Group Limited",2019,"inferred_from_targets_set","ISIN"
"212437","Millennium & Copthorne Hotels plc.",2019,"inferred_from_targets_set","ISIN"
"212596","Ubisoft Entertainment",2021,"historical_committed","ISIN"
"212650","Transurban Group",2019,"inferred_from_targets_set","ISIN"
"212748","LITE-ON technology corp.",2018,"inferred_from_targets_set","ISIN"
"212773","Imperial Brands",2019,"inferred_from_targets_set","ISIN"
"212786","Melia Hotels International SA",2019,"inferred_from_targets_set","ISIN"
"212948","FAST RETAILING CO., LTD.",2019,"historical_committed","ISIN"
"213042","Konecranes Oyj",2021,"historical_committed","ISIN"
"213083","AVEVA Group",2021,"historical_committed","ISIN"
"213095","JD Sports Fashion PLC",2021,"historical_committed","ISIN"
"213223","Charles Taylor",2022,"historical_committed","exact_name"
"213290","Aguas Andinas S.A.",2019,"historical_committed","ISIN"
"2136","Verizon",2019,"historical_committed","ISIN"
"2137","BCE Inc.",2021,"historical_committed","ISIN"
"21408","Groupe Bruxelles Lambert",2021,"historical_committed","ISIN"
"214526","Magyar Telekom Plc.",2019,"inferred_from_targets_set","ISIN"
"214527","Taishin Financial Holdings",2021,"inferred_from_targets_set","ISIN"
"215422","Mowi ASA",2019,"historical_committed","ISIN"
"216603","dormakaba",2019,"historical_committed","ISIN"
"216667","ERG spa",2019,"historical_committed","ISIN"
"216861","Indra",2020,"historical_committed","ISIN"
"218399","Alstom",2020,"historical_committed","ISIN"
"2184","Best Buy Co., Inc.",2019,"inferred_from_targets_set","ISIN"
"21864","CGI Inc",2020,"historical_committed","ISIN"
"220301","Merck KGaA",2021,"historical_committed","ISIN"
"220303","Aurubis AG",2020,"historical_committed","ISIN"
"220579","Telia Company",2019,"historical_committed","ISIN"
"220601","Informa plc",2019,"inferred_from_targets_set","ISIN"
"220920","EDF Group",2019,"inferred_from_targets_set","ISIN"
"220940","Orange",2019,"historical_committed","ISIN"
"220942","ENGIE",2019,"inferred_from_targets_set","ISIN"
"220986","Manitou Group",2021,"historical_committed","ISIN"
"221244","Adidas AG",2020,"historical_committed","ISIN"
"221261","Coca-Cola HBC (Hellenic Bottling Company) AG",2016,"inferred_from_targets_set","ISIN"
"221499","Rockwool Group",2019,"inferred_from_targets_set","ISIN"
"221612","Telenor Group",2020,"historical_committed","ISIN"
"221616","Deutsche Telekom AG",2019,"inferred_from_targets_set","ISIN"
"221858","Reckitt Benckiser Group plc",2019,"historical_committed","ISIN"
"221884","Gecina",2017,"historical_committed","ISIN"
"222281","Morgan Sindall Group plc",2015,"historical_committed","ISIN"
"222284","Covivio",2019,"inferred_from_targets_set","ISIN"
"222286","Tele2 AB",2020,"historical_committed","ISIN"
"222302","Intermediate Capital Group",2020,"inferred_from_targets_set","ISIN"
"222340","Dürr Aktiengesellschaft",2021,"historical_committed","ISIN"
"222379","Kering",2015,"historical_committed","ISIN"
"222398","Aeon Co., Ltd.",2018,"historical_committed","ISIN"
"222601","A2A S.p.A.",2019,"historical_committed","ISIN"
"223098","Dr. Reddy’s Laboratories Ltd.",2020,"inferred_from_targets_set","ISIN"
"223150","SoftBank Corp.",2020,"inferred_from_targets_set","ISIN"
"223520","ERAMET",2020,"inferred_from_targets_set","ISIN"
"223528","Japan Tobacco Inc.",2019,"inferred_from_targets_set","ISIN"
"223911","NTT Docomo Inc.",2017,"historical_committed","ISIN"
"224159","Barry Callebaut",2019,"historical_committed","ISIN"
"225016","Bonduelle Group",2021,"inferred_from_targets_set","exact_name"
"225094","Vestas Wind Systems",2019,"historical_committed","ISIN"
"227218","BEFIMMO SA",2021,"inferred_from_targets_set","ISIN"
"227916","Contact Energy",2019,"inferred_from_targets_set","ISIN"
"22815","Trimble Inc",2021,"inferred_from_targets_set","exact_name"
"228796","BRISA BRIDGESTONE SABANCI TYRE MANUFACTURING AND TRADING INC.",2017,"historical_committed","ISIN"
"231809","Unite Students",2016,"historical_committed","ISIN"
"232106","Lundbeck A/S",2015,"inferred_from_targets_set","ISIN"
"23238","Etsy, Inc.",2020,"inferred_from_targets_set","ISIN"
"232630","NOS, SPGS, S.A.",2020,"historical_committed","ISIN"
"232646","Ørsted",2017,"inferred_from_targets_set","ISIN"
"233458","Soitec",2020,"inferred_from_targets_set","ISIN"
"2337","Resolute Forest Products",2021,"historical_committed","ISIN"
"233721","KOSÉ Corporation",2020,"historical_committed","ISIN"
"234079","Domino's Pizza Group plc",2021,"inferred_from_targets_set","ISIN"
"234087","Elisa Corporation",2017,"historical_committed","ISIN"
"234201","Midsona AB",2020,"historical_committed","ISIN"
"234222","Knowit AB (publ)",2021,"historical_committed","ISIN"
"234223","Kungsleden AB",2020,"inferred_from_targets_set","ISIN"
"234876","Boral Limited",2021,"historical_committed","ISIN"
"235800","Fastweb S.p.A.",2019,"inferred_from_targets_set","ISIN"
"235820","HCL Technologies",2019,"historical_committed","ISIN"
"23667","Koninklijke Ahold Delhaize N.V.",2019,"historical_committed","ISIN"
"23671","Nokia Group",2020,"inferred_from_targets_set","ISIN"
"237419","Givaudan SA",2015,"historical_committed","ISIN"
"238516","Currys plc",2020,"inferred_from_targets_set","ISIN"
"238616","Veolia Environnement S.A.",2017,"historical_committed","ISIN"
"238725","Le Bélier",2021,"historical_committed","ISIN"
"23917","Wereldhave",2019,"inferred_from_targets_set","ISIN"
"240656","Taiwan Mobile Co., Ltd",2017,"historical_committed","ISIN"
"2408","TELUS Corporation",2020,"inferred_from_targets_set","ISIN"
"2411","BT plc",2015,"historical_committed","ISIN"
"241161","Siemens Gamesa Renewable Energy, S.A.",2019,"historical_committed","ISIN"
"241216","Syngenta",2019,"inferred_from_targets_set","ISIN"
"241336","Novozymes A/S (part of the Novonesis group)",2019,"inferred_from_targets_set","ISIN"
"241537","CapitaLand",2019,"inferred_from_targets_set","ISIN"
"241561","easyJet plc",2021,"historical_committed","ISIN"
"241637","AB InBev",2019,"inferred_from_targets_set","ISIN"
"241704","ASKUL Corporation",2019,"inferred_from_targets_set","ISIN"
"241904","Singapore Exchange Limited",2021,"historical_committed","ISIN"
"242977","AUO Corporation",2017,"historical_committed","ISIN"
"243090","Compass Group UK&I",2020,"inferred_from_targets_set","ISIN"
"243480","Advantech Co., Ltd.",2020,"inferred_from_targets_set","ISIN"
"24405","Zebra Technologies Corporation",2021,"historical_committed","ISIN"
"244394","MVV Energie AG",2015,"historical_committed","ISIN"
"24468","Biogen Inc.",2016,"historical_committed","ISIN"
"245663","Inditex",2016,"historical_committed","ISIN"
"24616","PayPal",2019,"historical_committed","ISIN"
"246217","NEXANS",2021,"historical_committed","ISIN"
"246706","London Stock Exchange Group PLC",2017,"historical_committed","ISIN"
"24731","Kimco Realty Corporation",2020,"inferred_from_targets_set","ISIN"
"24856","Gilead Sciences, Inc.",2020,"historical_committed","ISIN"
"249178","Billerud AB",2017,"historical_committed","ISIN"
"249298","Dentsu Group Inc.",2015,"historical_committed","ISIN"
"249604","Nomura Research Institute, Ltd.",2016,"historical_committed","ISIN"
"249738","Fubon Financial Holdings",2017,"historical_committed","ISIN"
"249947","ASOS",2020,"inferred_from_targets_set","ISIN"
"250639","EIZO Corporation",2021,"inferred_from_targets_set","ISIN"
"251118","Bharti Airtel Limited",2019,"historical_committed","ISIN"
"251303","LG Electronics Inc.",2020,"inferred_from_targets_set","ISIN"
"252285","Nobia AB",2020,"historical_committed","ISIN"
"252295","Far EasTone Telecommunications Co., Ltd.",2019,"inferred_from_targets_set","ISIN"
"252378","Burberry Limited",2019,"inferred_from_targets_set","ISIN"
"25259","DGB FINANCIAL GROUP",2019,"historical_committed","ISIN"
"252604","Greenyard NV",2020,"historical_committed","ISIN"
"252666","Lerøy Seafood Group ASA",2020,"historical_committed","ISIN"
"253596","iGO4 Limited",2021,"inferred_from_targets_set","exact_name"
"25434","Starbucks",2020,"historical_committed","ISIN"
"255839","ComfortDelGro Corporation Limited",2021,"historical_committed","ISIN"
"25645","Albertsons Companies, Inc",2021,"historical_committed","ISIN"
"257018","Seiko Epson Corporation",2017,"historical_committed","ISIN"
"2574","CSX Corporation",2019,"inferred_from_targets_set","ISIN"
"25749","ASGN Incorporated",2022,"historical_committed","ISIN"
"257664","Renesas Electronics Corporation",2021,"historical_committed","ISIN"
"258460","Tokyu Construction Co., Ltd.",2019,"inferred_from_targets_set","ISIN"
"260774","CBRE",2019,"historical_committed","ISIN"
"26156","Hewlett Packard Enterprise Company",2016,"historical_committed","ISIN"
"26494","Atlassian Corporation Plc",2019,"historical_committed","ISIN"
"2663","Campbell Soup Company",2020,"historical_committed","ISIN"
"2675","Maple Leaf Foods Inc.",2019,"inferred_from_targets_set","ISIN"
"269422","Nemak, S.A.B. de C.V.",2019,"historical_committed","ISIN"
"269532","Genesis Energy Ltd",2020,"historical_committed","ISIN"
"2696","Canadian National Railway Company",2016,"inferred_from_targets_set","ISIN"
"270045","Meridian Energy",2021,"inferred_from_targets_set","ISIN"
"270046","Fonterra Co-operative Group Limited",2019,"inferred_from_targets_set","ISIN"
"270321","Halfords Group PLC",2021,"historical_committed","ISIN"
"270451","Terna S.p.A.",2020,"historical_committed","ISIN"
"270578","bioMerieux",2021,"historical_committed","ISIN"
"270791","UltraTech Cement Limited",2020,"historical_committed","ISIN"
"271217","Ferrovial",2016,"historical_committed","ISIN"
"271247","Nexity SA",2019,"historical_committed","ISIN"
"271471","Emmi Group",2020,"historical_committed","ISIN"
"271763","LANXESS AG",2021,"inferred_from_targets_set","ISIN"
"271810","Goodman Group",2021,"inferred_from_targets_set","ISIN"
"271928","Altri SGPS S.A.",2020,"historical_committed","ISIN"
"272365","Olam International Ltd.",2017,"historical_committed","ISIN"
"27240","Bally's Corporation",2022,"historical_committed","ISIN"
"273071","Cargotec",2019,"inferred_from_targets_set","ISIN"
"273166","Alma Media",2018,"historical_committed","ISIN"
"273432","EDP Energias do Brasil S.A.",2020,"inferred_from_targets_set","ISIN"
"274379","Cermaq Group",2020,"inferred_from_targets_set","ISIN"
"274722","Ipsen SA",2021,"historical_committed","ISIN"
"274729","ICA Gruppen",2017,"historical_committed","ISIN"
"274753","BRITVIC PLC",2019,"historical_committed","ISIN"
"275461","QinetiQ Group Plc",2019,"historical_committed","ISIN"
"276585","Wacker Chemie AG",2021,"historical_committed","ISIN"
"277039","Legrand",2017,"historical_committed","ISIN"
"277144","Europcar Mobility Group",2020,"historical_committed","ISIN"
"277846","WSP Global Inc.",2020,"inferred_from_targets_set","ISIN"
"277897","Oesterreichische Post AG (Austrian Post)",2022,"historical_committed","ISIN"
"277941","Husqvarna AB",2016,"inferred_from_targets_set","ISIN"
"278310","Klöckner & Co",2020,"historical_committed","ISIN"
"278736","Tech Mahindra",2016,"historical_committed","ISIN"
"27928","Intuit",2019,"inferred_from_targets_set","ISIN"
"279327","Experian",2020,"inferred_from_targets_set","ISIN"
"281772","Symrise AG",2016,"historical_committed","ISIN"
"28272","AstraZeneca",2015,"historical_committed","ISIN"
"283184","Smurfit Kappa Group",2020,"historical_committed","ISIN"
"284165","Alstria office REIT-AG",2019,"inferred_from_targets_set","ISIN"
"284521","Prysmian",2020,"inferred_from_targets_set","ISIN"
"284523","SalMar ASA",2021,"historical_committed","ISIN"
"284618","Hilton Food Group",2020,"inferred_from_targets_set","ISIN"
"284798","Grieg Seafood ASA",2019,"inferred_from_targets_set","ISIN"
"285169","Mondi plc",2019,"historical_committed","ISIN"
"285188","Marfrig Global Foods S.A.",2020,"historical_committed","ISIN"
"287943","Croda International Plc",2020,"inferred_from_targets_set","ISIN"
"28839","Minor Hotels Europe & Americas, S.A.",2016,"historical_committed","ISIN"
"2884","Lumen Technologies, Inc.",2018,"inferred_from_targets_set","ISIN"
"28844","Coca-Cola FEMSA",2019,"historical_committed","ISIN"
"288991","Safaricom Limited",2016,"historical_committed","ISIN"
"289259","SUEZ",2019,"inferred_from_targets_set","ISIN"
"29015","Deckers Brands",2020,"inferred_from_targets_set","ISIN"
"290542","Cloetta AB",2020,"historical_committed","ISIN"
"29389","Simon Property Group",2019,"inferred_from_targets_set","ISIN"
"294327","Zhejiang Narada Power Source Co., Ltd.",2020,"inferred_from_targets_set","ISIN"
"294569","L'OCCITANE INTERNATIONAL SA",2021,"historical_committed","ISIN"
"294764","Chr. Hansen A/S",2020,"historical_committed","ISIN"
"295526","Pandora A/S",2020,"historical_committed","ISIN"
"297864","Bulten AB",2021,"historical_committed","ISIN"
"29789","Arcadis NV",2021,"historical_committed","ISIN"
"298235","Salvatore Ferragamo Group",2019,"inferred_from_targets_set","ISIN"
"29830","WestRock Company",2021,"historical_committed","ISIN"
"29875","AvalonBay Communities, Inc.",2019,"inferred_from_targets_set","ISIN"
"29984","Prologis Inc.",2018,"historical_committed","ISIN"
"29985","Stantec Inc.",2020,"inferred_from_targets_set","ISIN"
"30024","Millicom International Cellular S.A.",2021,"historical_committed","ISIN"
"30091","Snap Inc.",2020,"inferred_from_targets_set","ISIN"
"30112","TDC NET A/S",2019,"historical_committed","ISIN"
"3026","Church & Dwight Co. Inc.",2021,"inferred_from_targets_set","ISIN"
"30443","Fresh Del Monte Produce Inc.",2020,"historical_committed","ISIN"
"30501","KB Financial Group",2020,"inferred_from_targets_set","ISIN"
"30637","Veris Residential",2021,"inferred_from_targets_set","exact_name"
"30736","Okta, Inc",2021,"historical_committed","ISIN"
"31142","STMicroelectronics NV",2019,"inferred_from_targets_set","ISIN"
"3121","The Clorox Company",2019,"historical_committed","ISIN"
"312416","Alpek S.A.B. de C.V.",2021,"inferred_from_targets_set","ISIN"
"312706","TCI Co., Ltd.",2020,"inferred_from_targets_set","ISIN"
"313855","Borregaard AS",2017,"historical_committed","ISIN"
"3144","The Coca-Cola Company",2018,"inferred_from_targets_set","ISIN"
"314580","Chicony Power Technology Co., Ltd.",2021,"historical_committed","ISIN"
"315566","bpostgroup",2018,"historical_committed","ISIN"
"315648","Suntory Beverage & Food Limited",2019,"inferred_from_targets_set","ISIN"
"315784","JB Financial Group Co., Ltd.",2021,"historical_committed","ISIN"
"316895","Moncler Group",2020,"historical_committed","ISIN"
"3170","Colgate Palmolive Company",2015,"historical_committed","ISIN"
"317115","HK Electric Investments (HKEI)",2017,"inferred_from_targets_set","ISIN"
"317272","Boohoo Group PLC",2021,"historical_committed","ISIN"
"317305","Pets at Home Group",2021,"historical_committed","ISIN"
"317427","Nomad Foods Ltd.",2020,"historical_committed","ISIN"
"317540","Applus Services, S.A",2021,"inferred_from_targets_set","ISIN"
"317781","B&M European Value Retail S.A",2021,"inferred_from_targets_set","ISIN"
"317828","Ontex",2021,"historical_committed","ISIN"
"317843","FDM Group (Holdings) plc",2021,"inferred_from_targets_set","ISIN"
"317891","Worldline",2019,"historical_committed","ISIN"
"318434","Zalando SE",2019,"historical_committed","ISIN"
"318718","Thule Group AB",2020,"historical_committed","ISIN"
"319417","Auto Trader Group plc",2020,"inferred_from_targets_set","ISIN"
"319659","CELLNEX TELECOM S.A.",2019,"historical_committed","ISIN"
"321591","Tokmanni Oy",2019,"historical_committed","ISIN"
"321698","Signify",2019,"inferred_from_targets_set","ISIN"
"321980","Enav Group",2021,"historical_committed","ISIN"
"323931","Gestamp",2015,"historical_committed","ISIN"
"324770","Essity AB",2019,"inferred_from_targets_set","ISIN"
"325572","Pirelli & C. S.p.A",2019,"inferred_from_targets_set","ISIN"
"326097","Greenalia S.A.",2021,"inferred_from_targets_set","ISIN"
"326765","Siemens Healthineers AG",2020,"inferred_from_targets_set","ISIN"
"334028","Verallia",2020,"historical_committed","ISIN"
"3362","Conagra Brands, Inc.",2019,"historical_committed","ISIN"
"338557","JDE Peet’s N.V.",2021,"historical_committed","ISIN"
"339015","Metso Outotec",2019,"historical_committed","ISIN"
"340153","Siemens Energy",2020,"inferred_from_targets_set","ISIN"
"34029","FARFETCH Limited",2021,"inferred_from_targets_set","ISIN"
"342394","MITCON Consultancy & Engineering Services Limited",2020,"inferred_from_targets_set","ISIN"
"3505","Molson Coors Brewing Company",2019,"inferred_from_targets_set","ISIN"
"3619","Crown Holdings, Inc",2019,"historical_committed","ISIN"
"3650","Cummins",2017,"historical_committed","ISIN"
"3813","Target Corporation",2018,"historical_committed","ISIN"
"4058","Dover Corporation",2020,"inferred_from_targets_set","ISIN"
"4199","Eaton",2018,"historical_committed","ISIN"
"4213","Ecolab Inc.",2019,"inferred_from_targets_set","ISIN"
"4321","Emerson Electric Co.",2021,"inferred_from_targets_set","ISIN"
"4439","Ericsson Group",2017,"historical_committed","ISIN"
"4579","Farmer Bros. Co",2016,"inferred_from_targets_set","ISIN"
"4839","Ford Motor Company",2020,"inferred_from_targets_set","ISIN"
"4925","FUJIFILM Holdings Corporation",2017,"historical_committed","ISIN"
"4990","Gap Inc.",2018,"historical_committed","ISIN"
"5071","General Mills Inc.",2014,"inferred_from_targets_set","ISIN"
"5073","General Motors",2020,"inferred_from_targets_set","ISIN"
"5180","GSK",2016,"historical_committed","ISIN"
"5543","Welltower Inc.",2021,"inferred_from_targets_set","exact_name"
"5572","Helen of Troy Limited",2020,"inferred_from_targets_set","ISIN"
"5597","The Hershey Company",2019,"historical_committed","ISIN"
"5606","HP Inc.",2016,"historical_committed","ISIN"
"5643","Hilton",2019,"inferred_from_targets_set","ISIN"
"5690","HNI Corporation",2019,"historical_committed","ISIN"
"6034","Interface",2020,"inferred_from_targets_set","ISIN"
"6078","International Flavors & Fragrances Inc.",2019,"inferred_from_targets_set","ISIN"
"6104","International Paper Company",2020,"inferred_from_targets_set","ISIN"
"61214","ASML Holdings",2021,"inferred_from_targets_set","ISIN"
"61440","Koninklijke KPN NV (Royal KPN)",2015,"historical_committed","ISIN"
"61483","DaVita",2020,"inferred_from_targets_set","ISIN"
"61567","The Estée Lauder Companies",2019,"historical_committed","ISIN"
"6216","Jacobs",2019,"inferred_from_targets_set","ISIN"
"62374","Iron Mountain",2019,"inferred_from_targets_set","ISIN"
"62403","Fletcher Building Limited",2019,"historical_committed","ISIN"
"62557","SCANIA CV",2019,"historical_committed","ISIN"
"6266","Johnson & Johnson",2019,"inferred_from_targets_set","ISIN"
"6268","Johnson Controls International plc",2019,"historical_committed","ISIN"
"63123","Genesee & Wyoming Inc.",2022,"historical_committed","LEI"
"63169","Dassault Systemes",2020,"historical_committed","ISIN"
"63447","Guess?, Inc.",2018,"historical_committed","ISIN"
"6375","Kellanova",2015,"historical_committed","ISIN"
"63927","United Natural Foods, Inc.",2021,"historical_committed","ISIN"
"64306","Kilroy Realty Corporation",2018,"historical_committed","ISIN"
"6435","Kimberly-Clark Corporation",2019,"historical_committed","ISIN"
"64690","Autoliv Inc",2021,"historical_committed","ISIN"
"64891","Ralph Lauren Corporation",2019,"inferred_from_targets_set","ISIN"
"64910","EDP, S.A.",2017,"inferred_from_targets_set","ISIN"
"64925","BXP",2019,"historical_committed","ISIN"
"65108","JLL",2019,"historical_committed","ISIN"
"6512","KYOCERA Corporation",2019,"inferred_from_targets_set","ISIN"
"65417","Yum! Brands, Inc.",2020,"inferred_from_targets_set","ISIN"
"65430","The Children's Place, Inc.",2020,"inferred_from_targets_set","ISIN"
"66290","Steelcase Inc.",2019,"inferred_from_targets_set","ISIN"
"66600","Asia Cement Corporation",2020,"historical_committed","ISIN"
"7063","Host Hotels & Resorts, Inc.",2016,"inferred_from_targets_set","ISIN"
"7114","Panasonic Holdings Corporation",2017,"inferred_from_targets_set","ISIN"
"7146","McCormick & Company, Incorporated",2019,"inferred_from_targets_set","ISIN"
"7154","McDonald's Corporation",2019,"inferred_from_targets_set","ISIN"
"7163","S&P Global Inc.",2020,"inferred_from_targets_set","ISIN"
"7241","CVS Health",2017,"historical_committed","ISIN"
"7257","Merck & Co., Inc., Rahway, NJ USA, which is known as MSD outside the U.S. and Canada",2017,"historical_committed","ISIN"
"7652","NEC Corporation",2018,"historical_committed","ISIN"
"7881","Newmont Corporation",2020,"historical_committed","ISIN"
"7906","NIKE, Inc.",2018,"historical_committed","ISIN"
"7923","Norfolk Southern Corporation",2020,"inferred_from_targets_set","ISIN"
"8020","Novo Nordisk A/S",2017,"historical_committed","ISIN"
"8214","Owens Corning",2016,"historical_committed","ISIN"
"8215","O-I Glass",2019,"inferred_from_targets_set","ISIN"
"8253","PACCAR Inc",2020,"inferred_from_targets_set","ISIN"
"8479","PepsiCo, Inc.",2016,"inferred_from_targets_set","ISIN"
"8530","Pfizer Inc.",2015,"inferred_from_targets_set","ISIN"
"8543","Altria Group, Inc.",2019,"historical_committed","ISIN"
"8546","Royal Philips N.V.",2015,"historical_committed","ISIN"
"8551","PVH Corp.",2019,"historical_committed","ISIN"
"8762","Procter & Gamble Company",2014,"inferred_from_targets_set","ISIN"
"9098","Thomson Reuters",2019,"historical_committed","ISIN"
"9135","Ricoh Co., Ltd.",2015,"historical_committed","ISIN"
"9555","Sealed Air Corp.",2017,"historical_committed","ISIN"
"9777","The J.M. Smucker Company",2020,"historical_committed","ISIN"
"9815","Sonoco Products Company",2020,"inferred_from_targets_set","ISIN"
"9818","Sony Group Corporation",2015,"inferred_from_targets_set","ISIN"
"9899","AT&T Inc.",2019,"historical_committed","ISIN"
