"gvkey","commitment_year","source"
"100001",2020,"recovered_historical_committed"
"100022",2020,"recovered_historical_committed"
"100041",2021,"existing_panel"
"100045",2021,"existing_panel"
"100048",2021,"recovered_inferred_from_targets_set"
"100060",2016,"recovered_historical_committed"
"100080",2019,"recovered_historical_committed"
"100083",2019,"recovered_inferred_from_targets_set"
"100088",2022,"existing_panel"
"100095",2021,"existing_panel"
"100102",2023,"existing_panel"
"100103",2021,"recovered_inferred_from_targets_set"
"100122",2015,"recovered_historical_committed"
"100131",2016,"recovered_inferred_from_targets_set"
"100132",2021,"recovered_inferred_from_targets_set"
"100135",2019,"recovered_inferred_from_targets_set"
"100140",2019,"recovered_inferred_from_targets_set"
"100153",2019,"recovered_inferred_from_targets_set"
"10016",2019,"recovered_inferred_from_targets_set"
"100171",2019,"recovered_historical_committed"
"100182",2020,"existing_panel"
"100190",2021,"existing_panel"
"100226",2020,"recovered_historical_committed"
"100240",2023,"existing_panel"
"100243",2022,"existing_panel"
"100247",2020,"existing_panel"
"100253",2019,"recovered_historical_committed"
"100290",2019,"recovered_inferred_from_targets_set"
"100292",2022,"existing_panel"
"100336",2016,"recovered_inferred_from_targets_set"
"100346",2016,"recovered_historical_committed"
"100368",2020,"recovered_inferred_from_targets_set"
"100369",2022,"existing_panel"
"100373",2019,"recovered_inferred_from_targets_set"
"100388",2019,"recovered_inferred_from_targets_set"
"100390",2020,"existing_panel"
"100397",2021,"recovered_inferred_from_targets_set"
"100408",2024,"existing_panel"
"100418",2019,"recovered_inferred_from_targets_set"
"100438",2022,"existing_panel"
"100449",2023,"existing_panel"
"100461",2020,"recovered_historical_committed"
"100486",2019,"recovered_inferred_from_targets_set"
"100490",2015,"recovered_historical_committed"
"100499",2020,"existing_panel"
"100519",2019,"recovered_inferred_from_targets_set"
"100522",2020,"recovered_inferred_from_targets_set"
"100536",2021,"existing_panel"
"100547",2019,"recovered_inferred_from_targets_set"
"100572",2019,"recovered_inferred_from_targets_set"
"100581",2017,"recovered_historical_committed"
"100583",2019,"recovered_inferred_from_targets_set"
"100590",2021,"recovered_historical_committed"
"100602",2020,"recovered_inferred_from_targets_set"
"100609",2019,"recovered_inferred_from_targets_set"
"100619",2021,"existing_panel"
"100635",2018,"recovered_historical_committed"
"100640",2019,"recovered_inferred_from_targets_set"
"100648",2020,"existing_panel"
"100650",2022,"existing_panel"
"100658",2022,"existing_panel"
"100665",2015,"recovered_historical_committed"
"100668",2019,"recovered_inferred_from_targets_set"
"100671",2022,"existing_panel"
"100676",2022,"existing_panel"
"100689",2019,"recovered_inferred_from_targets_set"
"100692",2019,"recovered_inferred_from_targets_set"
"100699",2019,"recovered_inferred_from_targets_set"
"100702",2019,"recovered_historical_committed"
"100706",2021,"recovered_inferred_from_targets_set"
"100707",2020,"recovered_historical_committed"
"100718",2017,"recovered_historical_committed"
"100721",2022,"recovered_historical_committed"
"100722",2023,"existing_panel"
"100728",2021,"recovered_inferred_from_targets_set"
"100729",2018,"recovered_inferred_from_targets_set"
"100737",2015,"recovered_historical_committed"
"100743",2021,"existing_panel"
"100744",2021,"recovered_historical_committed"
"100746",2022,"recovered_historical_committed"
"100751",2018,"recovered_historical_committed"
"100760",2015,"recovered_historical_committed"
"100764",2022,"existing_panel"
"100773",2021,"existing_panel"
"100774",2020,"recovered_inferred_from_targets_set"
"100783",2022,"existing_panel"
"100790",2022,"existing_panel"
"100801",2019,"recovered_inferred_from_targets_set"
"100816",2020,"recovered_historical_committed"
"100840",2016,"recovered_historical_committed"
"100862",2022,"existing_panel"
"100864",2023,"existing_panel"
"100894",2019,"recovered_historical_committed"
"100906",2022,"existing_panel"
"100913",2017,"recovered_historical_committed"
"100918",2021,"existing_panel"
"100919",2022,"existing_panel"
"100921",2019,"recovered_historical_committed"
"100926",2017,"recovered_historical_committed"
"100949",2016,"recovered_historical_committed"
"100953",2019,"recovered_inferred_from_targets_set"
"100956",2019,"recovered_inferred_from_targets_set"
"100957",2015,"recovered_historical_committed"
"100980",2020,"recovered_historical_committed"
"100982",2017,"recovered_historical_committed"
"101004",2021,"recovered_historical_committed"
"101008",2022,"existing_panel"
"101009",2020,"recovered_inferred_from_targets_set"
"101017",2017,"recovered_historical_committed"
"101020",2016,"recovered_historical_committed"
"101023",2019,"recovered_inferred_from_targets_set"
"101034",2024,"existing_panel"
"101035",2021,"recovered_historical_committed"
"101042",2016,"recovered_historical_committed"
"101048",2021,"existing_panel"
"101059",2022,"existing_panel"
"101063",2021,"recovered_inferred_from_targets_set"
"101069",2021,"recovered_historical_committed"
"101074",2023,"existing_panel"
"101097",2022,"existing_panel"
"101101",2023,"existing_panel"
"101110",2019,"recovered_inferred_from_targets_set"
"101130",2016,"recovered_inferred_from_targets_set"
"101131",2019,"recovered_inferred_from_targets_set"
"10115",2024,"existing_panel"
"101156",2020,"existing_panel"
"101173",2019,"recovered_inferred_from_targets_set"
"101178",2020,"recovered_inferred_from_targets_set"
"101180",2023,"existing_panel"
"101202",2019,"recovered_historical_committed"
"101204",2019,"recovered_historical_committed"
"101207",2021,"existing_panel"
"101232",2020,"recovered_inferred_from_targets_set"
"101248",2023,"existing_panel"
"101256",2019,"recovered_inferred_from_targets_set"
"101260",2017,"recovered_historical_committed"
"101261",2022,"existing_panel"
"101264",2020,"existing_panel"
"101277",2019,"recovered_historical_committed"
"101281",2022,"existing_panel"
"101286",2024,"existing_panel"
"101292",2020,"recovered_historical_committed"
"101299",2022,"existing_panel"
"101304",2020,"recovered_inferred_from_targets_set"
"101305",2022,"existing_panel"
"101310",2016,"recovered_historical_committed"
"101320",2021,"recovered_historical_committed"
"101327",2016,"recovered_historical_committed"
"101335",2022,"existing_panel"
"101336",2017,"recovered_historical_committed"
"101340",2016,"recovered_historical_committed"
"101343",2021,"recovered_historical_committed"
"101350",2022,"existing_panel"
"101361",2023,"existing_panel"
"101394",2020,"existing_panel"
"101396",2019,"recovered_inferred_from_targets_set"
"101434",2019,"recovered_historical_committed"
"101465",2022,"existing_panel"
"101467",2019,"recovered_historical_committed"
"101474",2022,"existing_panel"
"101475",2021,"existing_panel"
"101500",2020,"recovered_inferred_from_targets_set"
"101526",2023,"existing_panel"
"101529",2022,"existing_panel"
"101538",2020,"recovered_historical_committed"
"101539",2021,"existing_panel"
"101553",2020,"recovered_historical_committed"
"101564",2019,"recovered_historical_committed"
"101630",2021,"existing_panel"
"101643",2023,"existing_panel"
"101714",2020,"recovered_inferred_from_targets_set"
"101718",2017,"recovered_historical_committed"
"101719",2024,"existing_panel"
"101732",2021,"existing_panel"
"101739",2019,"recovered_inferred_from_targets_set"
"101757",2021,"recovered_historical_committed"
"101759",2023,"existing_panel"
"101783",2022,"existing_panel"
"101811",2018,"recovered_inferred_from_targets_set"
"101824",2017,"recovered_inferred_from_targets_set"
"101828",2021,"recovered_historical_committed"
"101839",2016,"recovered_historical_committed"
"101866",2020,"recovered_inferred_from_targets_set"
"101891",2019,"recovered_historical_committed"
"101893",2024,"existing_panel"
"101895",2021,"existing_panel"
"101901",2021,"existing_panel"
"101902",2024,"existing_panel"
"101904",2023,"existing_panel"
"101922",2020,"recovered_historical_committed"
"101932",2021,"existing_panel"
"101937",2020,"recovered_inferred_from_targets_set"
"101939",2016,"recovered_inferred_from_targets_set"
"101940",2023,"existing_panel"
"101942",2019,"recovered_historical_committed"
"101944",2017,"recovered_historical_committed"
"101959",2021,"recovered_historical_committed"
"101971",2016,"recovered_inferred_from_targets_set"
"102035",2022,"existing_panel"
"102039",2023,"existing_panel"
"102056",2017,"recovered_historical_committed"
"102078",2022,"existing_panel"
"102089",2015,"recovered_historical_committed"
"102146",2019,"recovered_inferred_from_targets_set"
"102155",2017,"recovered_historical_committed"
"102175",2016,"recovered_historical_committed"
"102181",2022,"existing_panel"
"102203",2024,"existing_panel"
"102217",2022,"existing_panel"
"102221",2024,"existing_panel"
"102240",2022,"existing_panel"
"102250",2019,"recovered_inferred_from_targets_set"
"102256",2021,"recovered_historical_committed"
"102259",2022,"existing_panel"
"102260",2020,"recovered_inferred_from_targets_set"
"102276",2021,"recovered_inferred_from_targets_set"
"102283",2024,"existing_panel"
"102296",2021,"recovered_inferred_from_targets_set"
"102299",2019,"recovered_inferred_from_targets_set"
"102307",2023,"existing_panel"
"102341",2021,"existing_panel"
"102368",2020,"recovered_historical_committed"
"102401",2020,"recovered_inferred_from_targets_set"
"102410",2021,"existing_panel"
"102422",2020,"recovered_historical_committed"
"102441",2019,"recovered_inferred_from_targets_set"
"102454",2019,"recovered_inferred_from_targets_set"
"10247",2021,"recovered_inferred_from_targets_set"
"102476",2021,"existing_panel"
"102477",2022,"existing_panel"
"102503",2022,"existing_panel"
"102523",2020,"recovered_inferred_from_targets_set"
"102543",2022,"existing_panel"
"102550",2023,"existing_panel"
"102551",2023,"existing_panel"
"102553",2020,"recovered_inferred_from_targets_set"
"102566",2021,"existing_panel"
"102569",2020,"recovered_inferred_from_targets_set"
"102574",2019,"recovered_inferred_from_targets_set"
"102576",2021,"recovered_inferred_from_targets_set"
"102596",2020,"recovered_inferred_from_targets_set"
"102603",2020,"recovered_historical_committed"
"102611",2024,"existing_panel"
"102616",2022,"existing_panel"
"102629",2022,"existing_panel"
"102648",2021,"existing_panel"
"102653",2020,"recovered_historical_committed"
"102654",2023,"existing_panel"
"102687",2023,"existing_panel"
"102696",2019,"existing_panel"
"102703",2023,"existing_panel"
"102704",2020,"recovered_historical_committed"
"102712",2016,"recovered_historical_committed"
"102717",2021,"existing_panel"
"102722",2022,"existing_panel"
"102724",2023,"existing_panel"
"102743",2021,"existing_panel"
"10275",2022,"existing_panel"
"102765",2019,"recovered_inferred_from_targets_set"
"102778",2020,"recovered_historical_committed"
"102786",2022,"existing_panel"
"102862",2017,"recovered_historical_committed"
"102892",2022,"existing_panel"
"102902",2020,"recovered_inferred_from_targets_set"
"102904",2021,"recovered_inferred_from_targets_set"
"102912",2024,"existing_panel"
"102915",2019,"recovered_inferred_from_targets_set"
"102947",2017,"recovered_historical_committed"
"102950",2017,"recovered_historical_committed"
"103042",2021,"recovered_inferred_from_targets_set"
"103051",2020,"recovered_historical_committed"
"103053",2021,"recovered_historical_committed"
"103065",2023,"existing_panel"
"103078",2024,"existing_panel"
"103133",2021,"recovered_historical_committed"
"103176",2019,"recovered_inferred_from_targets_set"
"103186",2020,"recovered_inferred_from_targets_set"
"103193",2024,"existing_panel"
"103255",2020,"recovered_historical_committed"
"103264",2021,"recovered_historical_committed"
"103269",2016,"recovered_historical_committed"
"103279",2022,"existing_panel"
"103292",2019,"existing_panel"
"103325",2016,"recovered_historical_committed"
"103342",2016,"recovered_historical_committed"
"103409",2023,"existing_panel"
"103440",2021,"existing_panel"
"103487",2016,"recovered_inferred_from_targets_set"
"103533",2023,"existing_panel"
"103599",2021,"recovered_historical_committed"
"103618",2022,"existing_panel"
"103637",2021,"existing_panel"
"103895",2021,"existing_panel"
"103912",2023,"existing_panel"
"103951",2022,"existing_panel"
"10407",2022,"existing_panel"
"104125",2021,"existing_panel"
"104583",2022,"existing_panel"
"104611",2022,"existing_panel"
"104643",2021,"existing_panel"
"104761",2021,"existing_panel"
"104795",2023,"existing_panel"
"104831",2020,"recovered_inferred_from_targets_set"
"104833",2019,"recovered_historical_committed"
"10484",2021,"existing_panel"
"104854",2017,"recovered_historical_committed"
"104864",2022,"existing_panel"
"104898",2022,"existing_panel"
"104907",2020,"recovered_inferred_from_targets_set"
"104950",2019,"recovered_inferred_from_targets_set"
"104961",2023,"existing_panel"
"104981",2022,"existing_panel"
"10499",2024,"existing_panel"
"104997",2021,"recovered_historical_committed"
"105089",2020,"recovered_inferred_from_targets_set"
"10530",2021,"existing_panel"
"105365",2020,"recovered_inferred_from_targets_set"
"10549",2020,"existing_panel"
"105632",2023,"existing_panel"
"105861",2021,"recovered_inferred_from_targets_set"
"10622",2019,"recovered_inferred_from_targets_set"
"106755",2019,"recovered_historical_committed"
"106815",2021,"recovered_historical_committed"
"107225",2019,"recovered_historical_committed"
"10793",2018,"recovered_inferred_from_targets_set"
"108071",2023,"existing_panel"
"10816",2021,"existing_panel"
"10846",2015,"recovered_historical_committed"
"10867",2022,"existing_panel"
"10884",2020,"recovered_inferred_from_targets_set"
"10894",2021,"existing_panel"
"10903",2022,"existing_panel"
"11017",2020,"recovered_historical_committed"
"110179",2020,"recovered_historical_committed"
"11060",2018,"recovered_historical_committed"
"11094",2022,"existing_panel"
"111486",2022,"existing_panel"
"111534",2024,"existing_panel"
"111864",2021,"recovered_inferred_from_targets_set"
"112111",2023,"existing_panel"
"112116",2019,"recovered_inferred_from_targets_set"
"112158",2017,"recovered_historical_committed"
"112168",2019,"recovered_inferred_from_targets_set"
"11220",2020,"recovered_inferred_from_targets_set"
"11259",2016,"recovered_inferred_from_targets_set"
"11300",2021,"existing_panel"
"11399",2020,"recovered_inferred_from_targets_set"
"11465",2019,"recovered_historical_committed"
"114927",2016,"recovered_historical_committed"
"11511",2020,"recovered_inferred_from_targets_set"
"11537",2021,"existing_panel"
"11584",2022,"existing_panel"
"1161",2016,"recovered_inferred_from_targets_set"
"11636",2015,"recovered_historical_committed"
"1166",2022,"existing_panel"
"116961",2016,"recovered_historical_committed"
"11721",2022,"existing_panel"
"11749",2021,"existing_panel"
"118267",2024,"existing_panel"
"119314",2022,"existing_panel"
"121382",2022,"existing_panel"
"12141",2019,"recovered_inferred_from_targets_set"
"122172",2022,"existing_panel"
"122380",2021,"recovered_historical_committed"
"12389",2022,"existing_panel"
"124042",2021,"existing_panel"
"12441",2022,"existing_panel"
"12540",2020,"recovered_inferred_from_targets_set"
"125595",2021,"existing_panel"
"125814",2021,"recovered_historical_committed"
"125863",2022,"existing_panel"
"126554",2021,"existing_panel"
"12689",2022,"existing_panel"
"12785",2020,"recovered_inferred_from_targets_set"
"12796",2023,"existing_panel"
"1300",2022,"existing_panel"
"13125",2019,"recovered_inferred_from_targets_set"
"13145",2019,"existing_panel"
"132538",2022,"existing_panel"
"132740",2023,"existing_panel"
"133366",2022,"existing_panel"
"133768",2016,"existing_panel"
"134932",2023,"existing_panel"
"13510",2021,"recovered_inferred_from_targets_set"
"13556",2022,"existing_panel"
"135990",2015,"recovered_historical_committed"
"13646",2022,"existing_panel"
"136648",2021,"existing_panel"
"13683",2017,"recovered_historical_committed"
"137131",2020,"recovered_historical_committed"
"13714",2021,"existing_panel"
"137612",2022,"existing_panel"
"137802",2022,"existing_panel"
"138205",2020,"recovered_inferred_from_targets_set"
"13839",2023,"existing_panel"
"138743",2020,"recovered_inferred_from_targets_set"
"1388",2021,"recovered_historical_committed"
"139665",2019,"recovered_inferred_from_targets_set"
"14042",2022,"existing_panel"
"140541",2021,"existing_panel"
"14062",2022,"existing_panel"
"14065",2021,"existing_panel"
"14084",2023,"existing_panel"
"1410",2022,"existing_panel"
"141239",2019,"recovered_inferred_from_targets_set"
"141983",2021,"existing_panel"
"142248",2020,"recovered_inferred_from_targets_set"
"14242",2024,"existing_panel"
"142953",2019,"recovered_inferred_from_targets_set"
"14312",2022,"existing_panel"
"14330",2022,"existing_panel"
"143357",2019,"recovered_inferred_from_targets_set"
"14352",2022,"existing_panel"
"14370",2020,"recovered_inferred_from_targets_set"
"14391",2022,"existing_panel"
"14418",2019,"existing_panel"
"144435",2020,"recovered_inferred_from_targets_set"
"14447",2021,"recovered_historical_committed"
"144559",2020,"recovered_historical_committed"
"1447",2021,"existing_panel"
"14477",2020,"existing_panel"
"14489",2019,"recovered_inferred_from_targets_set"
"145046",2018,"existing_panel"
"14538",2021,"existing_panel"
"14563",2021,"recovered_historical_committed"
"145701",2015,"existing_panel"
"14590",2022,"existing_panel"
"145977",2021,"existing_panel"
"146017",2023,"existing_panel"
"14603",2024,"existing_panel"
"14605",2020,"recovered_inferred_from_targets_set"
"14620",2017,"recovered_historical_committed"
"14624",2022,"existing_panel"
"14650",2021,"existing_panel"
"147305",2022,"recovered_historical_committed"
"147579",2020,"recovered_inferred_from_targets_set"
"147988",2019,"recovered_historical_committed"
"148276",2022,"existing_panel"
"14894",2019,"recovered_historical_committed"
"149337",2021,"existing_panel"
"14960",2021,"existing_panel"
"150278",2021,"recovered_inferred_from_targets_set"
"15181",2018,"existing_panel"
"152649",2022,"existing_panel"
"15444",2019,"recovered_historical_committed"
"154941",2019,"recovered_historical_committed"
"15498",2022,"existing_panel"
"15505",2022,"existing_panel"
"15512",2024,"existing_panel"
"15521",2021,"existing_panel"
"15532",2016,"existing_panel"
"155394",2022,"existing_panel"
"15552",2023,"existing_panel"
"15575",2020,"existing_panel"
"15598",2022,"existing_panel"
"15602",2016,"recovered_inferred_from_targets_set"
"156155",2021,"existing_panel"
"15617",2015,"existing_panel"
"15631",2021,"existing_panel"
"15634",2020,"existing_panel"
"15638",2021,"recovered_historical_committed"
"15644",2018,"recovered_historical_committed"
"15647",2019,"existing_panel"
"15654",2021,"existing_panel"
"15697",2022,"existing_panel"
"15724",2018,"existing_panel"
"15730",2023,"existing_panel"
"157373",2021,"existing_panel"
"15779",2016,"existing_panel"
"157855",2019,"recovered_historical_committed"
"15833",2021,"recovered_historical_committed"
"15908",2020,"recovered_historical_committed"
"15933",2018,"existing_panel"
"15936",2019,"recovered_inferred_from_targets_set"
"1602",2021,"recovered_inferred_from_targets_set"
"160211",2022,"existing_panel"
"160225",2019,"recovered_inferred_from_targets_set"
"160329",2022,"existing_panel"
"160628",2020,"existing_panel"
"160991",2019,"recovered_inferred_from_targets_set"
"16101",2021,"existing_panel"
"162354",2023,"existing_panel"
"162449",2022,"existing_panel"
"16267",2022,"existing_panel"
"162887",2023,"existing_panel"
"16299",2023,"existing_panel"
"16301",2020,"recovered_inferred_from_targets_set"
"163118",2022,"existing_panel"
"1632",2020,"recovered_historical_committed"
"16332",2023,"existing_panel"
"16348",2022,"existing_panel"
"16365",2015,"existing_panel"
"163677",2022,"existing_panel"
"16383",2019,"recovered_inferred_from_targets_set"
"163896",2020,"existing_panel"
"16398",2020,"recovered_historical_committed"
"164471",2020,"recovered_inferred_from_targets_set"
"164755",2024,"existing_panel"
"16476",2018,"recovered_historical_committed"
"16477",2023,"existing_panel"
"165052",2020,"recovered_historical_committed"
"16582",2021,"existing_panel"
"1659",2024,"existing_panel"
"165914",2020,"recovered_historical_committed"
"16603",2015,"recovered_historical_committed"
"1690",2020,"recovered_inferred_from_targets_set"
"1704",2020,"existing_panel"
"170616",2021,"existing_panel"
"170617",2020,"existing_panel"
"170714",2021,"existing_panel"
"171007",2021,"recovered_historical_committed"
"171067",2021,"existing_panel"
"1722",2022,"existing_panel"
"17287",2018,"recovered_inferred_from_targets_set"
"17420",2020,"recovered_inferred_from_targets_set"
"174310",2022,"existing_panel"
"17452",2016,"recovered_historical_committed"
"174567",2024,"existing_panel"
"174637",2020,"recovered_inferred_from_targets_set"
"17525",2016,"recovered_historical_committed"
"175319",2020,"existing_panel"
"175404",2022,"existing_panel"
"175689",2021,"existing_panel"
"175982",2023,"existing_panel"
"176261",2021,"existing_panel"
"176567",2021,"existing_panel"
"176928",2022,"existing_panel"
"17703",2019,"recovered_historical_committed"
"1773",2023,"existing_panel"
"177429",2022,"existing_panel"
"177780",2024,"existing_panel"
"177983",2021,"existing_panel"
"178015",2019,"recovered_historical_committed"
"178081",2022,"existing_panel"
"17827",2017,"recovered_historical_committed"
"17830",2019,"recovered_inferred_from_targets_set"
"178507",2022,"existing_panel"
"178704",2022,"existing_panel"
"17874",2018,"recovered_inferred_from_targets_set"
"17928",2021,"existing_panel"
"1794",2021,"existing_panel"
"17947",2022,"existing_panel"
"179534",2021,"recovered_historical_committed"
"179621",2015,"recovered_historical_committed"
"18036",2024,"existing_panel"
"180367",2024,"existing_panel"
"18043",2019,"recovered_inferred_from_targets_set"
"180483",2019,"recovered_historical_committed"
"180711",2024,"existing_panel"
"18075",2021,"existing_panel"
"181269",2022,"existing_panel"
"18312",2022,"existing_panel"
"183366",2020,"recovered_inferred_from_targets_set"
"183377",2022,"existing_panel"
"183603",2022,"existing_panel"
"18383",2020,"recovered_inferred_from_targets_set"
"184182",2021,"existing_panel"
"184603",2023,"existing_panel"
"18467",2016,"recovered_inferred_from_targets_set"
"184725",2022,"existing_panel"
"184996",2021,"existing_panel"
"185797",2022,"existing_panel"
"185881",2021,"existing_panel"
"18636",2015,"recovered_historical_committed"
"186858",2021,"existing_panel"
"186876",2022,"existing_panel"
"18709",2022,"existing_panel"
"18715",2015,"recovered_historical_committed"
"187163",2022,"existing_panel"
"18729",2016,"recovered_inferred_from_targets_set"
"18754",2020,"recovered_inferred_from_targets_set"
"187697",2022,"existing_panel"
"1878",2015,"recovered_historical_committed"
"18860",2015,"recovered_historical_committed"
"18872",2021,"existing_panel"
"18931",2023,"existing_panel"
"189491",2021,"existing_panel"
"18957",2022,"existing_panel"
"19043",2019,"recovered_historical_committed"
"190455",2022,"existing_panel"
"19083",2021,"recovered_historical_committed"
"19113",2015,"recovered_historical_committed"
"1913",2016,"recovered_historical_committed"
"19157",2019,"recovered_historical_committed"
"1932",2021,"recovered_historical_committed"
"19344",2021,"recovered_historical_committed"
"19349",2015,"recovered_historical_committed"
"19413",2020,"recovered_historical_committed"
"19579",2020,"recovered_historical_committed"
"19581",2023,"existing_panel"
"19591",2022,"existing_panel"
"19646",2020,"recovered_historical_committed"
"19649",2024,"existing_panel"
"19656",2020,"recovered_inferred_from_targets_set"
"19741",2020,"recovered_inferred_from_targets_set"
"19753",2024,"existing_panel"
"198058",2020,"existing_panel"
"1988",2019,"recovered_historical_committed"
"19904",2021,"existing_panel"
"19987",2021,"existing_panel"
"200075",2021,"existing_panel"
"200098",2022,"existing_panel"
"200218",2019,"recovered_historical_committed"
"200263",2023,"existing_panel"
"200295",2020,"recovered_historical_committed"
"200363",2016,"recovered_historical_committed"
"200365",2023,"existing_panel"
"200384",2015,"recovered_historical_committed"
"200421",2021,"recovered_inferred_from_targets_set"
"200448",2019,"recovered_historical_committed"
"200512",2021,"existing_panel"
"200572",2023,"existing_panel"
"200606",2021,"recovered_inferred_from_targets_set"
"20067",2019,"recovered_historical_committed"
"200695",2021,"existing_panel"
"200720",2022,"existing_panel"
"200752",2020,"recovered_inferred_from_targets_set"
"200773",2022,"existing_panel"
"200935",2022,"existing_panel"
"201002",2022,"existing_panel"
"201066",2021,"recovered_inferred_from_targets_set"
"201080",2024,"existing_panel"
"201101",2021,"existing_panel"
"201140",2019,"existing_panel"
"201211",2022,"existing_panel"
"201216",2022,"existing_panel"
"201238",2022,"existing_panel"
"201323",2020,"recovered_historical_committed"
"201358",2021,"existing_panel"
"201378",2022,"existing_panel"
"201401",2023,"existing_panel"
"20145",2019,"recovered_inferred_from_targets_set"
"201543",2018,"recovered_historical_committed"
"201566",2024,"existing_panel"
"201584",2017,"recovered_historical_committed"
"201617",2022,"existing_panel"
"201619",2022,"existing_panel"
"201650",2021,"existing_panel"
"201727",2023,"existing_panel"
"201794",2016,"recovered_inferred_from_targets_set"
"202086",2020,"recovered_inferred_from_targets_set"
"202093",2023,"existing_panel"
"202138",2023,"existing_panel"
"202268",2022,"existing_panel"
"202272",2022,"existing_panel"
"20232",2021,"existing_panel"
"202322",2022,"existing_panel"
"202334",2019,"recovered_historical_committed"
"202373",2022,"existing_panel"
"202578",2021,"existing_panel"
"202680",2022,"existing_panel"
"202783",2019,"existing_panel"
"202952",2019,"recovered_historical_committed"
"202976",2024,"existing_panel"
"202993",2023,"existing_panel"
"203053",2021,"recovered_historical_committed"
"203072",2022,"existing_panel"
"20315",2020,"recovered_inferred_from_targets_set"
"203177",2021,"existing_panel"
"203189",2017,"recovered_historical_committed"
"203215",2021,"existing_panel"
"203279",2024,"existing_panel"
"203283",2023,"existing_panel"
"203290",2022,"existing_panel"
"203649",2021,"existing_panel"
"203652",2021,"existing_panel"
"203700",2023,"existing_panel"
"203783",2016,"existing_panel"
"203784",2020,"existing_panel"
"203836",2019,"recovered_inferred_from_targets_set"
"203864",2019,"recovered_historical_committed"
"203889",2019,"recovered_historical_committed"
"203890",2022,"existing_panel"
"203894",2021,"existing_panel"
"203895",2019,"existing_panel"
"203930",2022,"existing_panel"
"203959",2023,"existing_panel"
"204012",2022,"existing_panel"
"204029",2019,"recovered_inferred_from_targets_set"
"204098",2024,"existing_panel"
"204163",2021,"existing_panel"
"204544",2021,"existing_panel"
"204671",2021,"recovered_historical_committed"
"204746",2023,"existing_panel"
"204815",2022,"existing_panel"
"204867",2015,"recovered_historical_committed"
"204980",2024,"existing_panel"
"205012",2022,"recovered_historical_committed"
"205120",2017,"recovered_historical_committed"
"205162",2022,"existing_panel"
"205210",2021,"existing_panel"
"205221",2024,"existing_panel"
"20530",2021,"existing_panel"
"205358",2022,"existing_panel"
"205551",2020,"existing_panel"
"205679",2020,"recovered_historical_committed"
"205865",2024,"existing_panel"
"205868",2020,"recovered_historical_committed"
"205915",2018,"recovered_historical_committed"
"205942",2021,"existing_panel"
"205957",2020,"recovered_historical_committed"
"206167",2023,"existing_panel"
"206197",2019,"recovered_inferred_from_targets_set"
"206296",2019,"recovered_historical_committed"
"206319",2017,"recovered_historical_committed"
"206414",2021,"recovered_inferred_from_targets_set"
"206483",2024,"existing_panel"
"206489",2020,"recovered_historical_committed"
"207053",2021,"existing_panel"
"207164",2022,"existing_panel"
"207168",2020,"recovered_historical_committed"
"207237",2021,"existing_panel"
"207300",2022,"existing_panel"
"20779",2016,"recovered_historical_committed"
"207943",2020,"existing_panel"
"208002",2022,"existing_panel"
"208095",2017,"recovered_inferred_from_targets_set"
"208273",2021,"existing_panel"
"208304",2022,"existing_panel"
"208361",2024,"existing_panel"
"208558",2023,"existing_panel"
"20879",2023,"existing_panel"
"208799",2020,"recovered_inferred_from_targets_set"
"208831",2022,"existing_panel"
"208843",2024,"existing_panel"
"20904",2024,"existing_panel"
"209048",2020,"recovered_inferred_from_targets_set"
"209144",2023,"existing_panel"
"209341",2021,"existing_panel"
"209405",2021,"recovered_inferred_from_targets_set"
"209410",2023,"existing_panel"
"209418",2018,"recovered_inferred_from_targets_set"
"209540",2024,"existing_panel"
"209571",2021,"existing_panel"
"210201",2015,"recovered_historical_committed"
"210216",2020,"recovered_historical_committed"
"210315",2023,"existing_panel"
"210418",2019,"recovered_historical_committed"
"210479",2019,"recovered_inferred_from_targets_set"
"210550",2020,"existing_panel"
"210614",2020,"recovered_inferred_from_targets_set"
"210823",2021,"recovered_historical_committed"
"210978",2021,"existing_panel"
"211009",2020,"recovered_historical_committed"
"211052",2024,"existing_panel"
"2111",2021,"existing_panel"
"211166",2021,"existing_panel"
"211167",2019,"recovered_inferred_from_targets_set"
"211293",2024,"existing_panel"
"211294",2019,"recovered_historical_committed"
"211415",2015,"recovered_historical_committed"
"211437",2022,"existing_panel"
"211447",2020,"recovered_historical_committed"
"211452",2019,"recovered_historical_committed"
"211470",2022,"existing_panel"
"211503",2020,"recovered_inferred_from_targets_set"
"211566",2022,"existing_panel"
"211655",2021,"existing_panel"
"211777",2019,"recovered_inferred_from_targets_set"
"211787",2021,"existing_panel"
"211795",2022,"existing_panel"
"211819",2015,"recovered_historical_committed"
"211885",2023,"existing_panel"
"211934",2016,"existing_panel"
"212128",2021,"existing_panel"
"212167",2019,"recovered_inferred_from_targets_set"
"212427",2022,"existing_panel"
"212437",2019,"recovered_inferred_from_targets_set"
"212596",2021,"recovered_historical_committed"
"212628",2021,"existing_panel"
"212650",2019,"recovered_inferred_from_targets_set"
"212748",2018,"recovered_inferred_from_targets_set"
"212773",2019,"recovered_inferred_from_targets_set"
"212782",2024,"existing_panel"
"212786",2019,"recovered_inferred_from_targets_set"
"212811",2020,"existing_panel"
"212828",2022,"existing_panel"
"212863",2024,"existing_panel"
"212922",2018,"existing_panel"
"212948",2019,"recovered_historical_committed"
"213042",2021,"recovered_historical_committed"
"213047",2022,"existing_panel"
"213083",2021,"recovered_historical_committed"
"213095",2021,"recovered_historical_committed"
"213198",2022,"existing_panel"
"213199",2022,"existing_panel"
"213207",2022,"existing_panel"
"213223",2022,"recovered_historical_committed"
"213276",2022,"existing_panel"
"213290",2019,"recovered_historical_committed"
"213297",2022,"existing_panel"
"213344",2022,"existing_panel"
"213413",2022,"existing_panel"
"213432",2022,"existing_panel"
"213477",2018,"existing_panel"
"213491",2021,"existing_panel"
"213494",2023,"existing_panel"
"213542",2024,"existing_panel"
"213582",2024,"existing_panel"
"2136",2019,"recovered_historical_committed"
"2137",2021,"recovered_historical_committed"
"21383",2021,"existing_panel"
"21408",2021,"recovered_historical_committed"
"214519",2022,"existing_panel"
"214526",2019,"recovered_inferred_from_targets_set"
"214527",2021,"recovered_inferred_from_targets_set"
"215060",2020,"existing_panel"
"21515",2019,"existing_panel"
"215406",2021,"existing_panel"
"215422",2019,"recovered_historical_committed"
"215703",2019,"existing_panel"
"21604",2024,"existing_panel"
"216524",2021,"existing_panel"
"216603",2019,"recovered_historical_committed"
"216609",2021,"existing_panel"
"216629",2022,"existing_panel"
"216667",2019,"recovered_historical_committed"
"216861",2020,"recovered_historical_committed"
"217500",2021,"existing_panel"
"217799",2021,"existing_panel"
"218399",2020,"recovered_historical_committed"
"2184",2019,"recovered_inferred_from_targets_set"
"21864",2020,"recovered_historical_committed"
"21894",2023,"existing_panel"
"219677",2023,"existing_panel"
"220057",2021,"existing_panel"
"220211",2023,"existing_panel"
"220301",2021,"recovered_historical_committed"
"220303",2020,"recovered_historical_committed"
"22039",2023,"existing_panel"
"220414",2022,"existing_panel"
"220426",2019,"existing_panel"
"220487",2020,"existing_panel"
"220525",2022,"existing_panel"
"220553",2022,"existing_panel"
"220562",2022,"existing_panel"
"220575",2023,"existing_panel"
"220579",2019,"recovered_historical_committed"
"220593",2020,"existing_panel"
"220601",2019,"recovered_inferred_from_targets_set"
"220604",2022,"existing_panel"
"220619",2021,"existing_panel"
"220708",2024,"existing_panel"
"220833",2022,"existing_panel"
"220920",2019,"recovered_inferred_from_targets_set"
"220940",2019,"recovered_historical_committed"
"220942",2019,"recovered_inferred_from_targets_set"
"220986",2021,"recovered_historical_committed"
"221020",2021,"existing_panel"
"221102",2022,"existing_panel"
"221244",2020,"recovered_historical_committed"
"221261",2016,"recovered_inferred_from_targets_set"
"221415",2022,"existing_panel"
"221486",2021,"existing_panel"
"221499",2019,"recovered_inferred_from_targets_set"
"221612",2020,"recovered_historical_committed"
"221616",2019,"recovered_inferred_from_targets_set"
"221646",2023,"existing_panel"
"221806",2020,"existing_panel"
"221821",2022,"existing_panel"
"221858",2019,"recovered_historical_committed"
"221884",2017,"recovered_historical_committed"
"222107",2023,"existing_panel"
"222281",2015,"recovered_historical_committed"
"222284",2019,"recovered_inferred_from_targets_set"
"222286",2020,"recovered_historical_committed"
"222302",2020,"recovered_inferred_from_targets_set"
"222307",2021,"existing_panel"
"222340",2021,"recovered_historical_committed"
"222362",2022,"existing_panel"
"222379",2015,"recovered_historical_committed"
"222398",2018,"recovered_historical_committed"
"222505",2021,"existing_panel"
"222601",2019,"recovered_historical_committed"
"223003",2023,"existing_panel"
"223036",2021,"existing_panel"
"223038",2023,"existing_panel"
"223084",2022,"existing_panel"
"223091",2024,"existing_panel"
"223098",2020,"recovered_inferred_from_targets_set"
"223107",2023,"existing_panel"
"223150",2020,"recovered_inferred_from_targets_set"
"223492",2020,"existing_panel"
"223500",2024,"existing_panel"
"223520",2020,"recovered_inferred_from_targets_set"
"223528",2019,"recovered_inferred_from_targets_set"
"223911",2017,"recovered_historical_committed"
"224159",2019,"recovered_historical_committed"
"224810",2023,"existing_panel"
"225016",2021,"recovered_inferred_from_targets_set"
"225094",2019,"recovered_historical_committed"
"225244",2022,"existing_panel"
"225816",2024,"existing_panel"
"226082",2023,"existing_panel"
"226156",2022,"existing_panel"
"226216",2024,"existing_panel"
"226256",2021,"existing_panel"
"226416",2023,"existing_panel"
"226744",2022,"existing_panel"
"226803",2021,"existing_panel"
"227218",2021,"recovered_inferred_from_targets_set"
"22741",2022,"existing_panel"
"227916",2019,"recovered_inferred_from_targets_set"
"228096",2021,"existing_panel"
"22815",2021,"recovered_inferred_from_targets_set"
"228416",2023,"existing_panel"
"228418",2022,"existing_panel"
"228796",2017,"recovered_historical_committed"
"228856",2022,"existing_panel"
"229521",2020,"existing_panel"
"230638",2021,"existing_panel"
"2312",2023,"existing_panel"
"231657",2022,"existing_panel"
"231809",2016,"recovered_historical_committed"
"232106",2015,"recovered_inferred_from_targets_set"
"23238",2020,"recovered_inferred_from_targets_set"
"232532",2023,"existing_panel"
"232630",2020,"recovered_historical_committed"
"232646",2017,"recovered_inferred_from_targets_set"
"233216",2022,"existing_panel"
"233257",2022,"existing_panel"
"233458",2020,"recovered_inferred_from_targets_set"
"2337",2021,"recovered_historical_committed"
"233721",2020,"recovered_historical_committed"
"233776",2024,"existing_panel"
"234079",2021,"recovered_inferred_from_targets_set"
"234087",2017,"recovered_historical_committed"
"234178",2023,"existing_panel"
"234201",2020,"recovered_historical_committed"
"234222",2021,"recovered_historical_committed"
"234223",2020,"recovered_inferred_from_targets_set"
"234376",2022,"existing_panel"
"234656",2022,"existing_panel"
"234808",2022,"existing_panel"
"234876",2021,"recovered_historical_committed"
"235800",2019,"recovered_inferred_from_targets_set"
"235820",2019,"recovered_historical_committed"
"235916",2024,"existing_panel"
"23595",2023,"existing_panel"
"236259",2022,"existing_panel"
"236556",2021,"existing_panel"
"23667",2019,"recovered_historical_committed"
"23671",2020,"recovered_inferred_from_targets_set"
"237419",2015,"recovered_historical_committed"
"238136",2023,"existing_panel"
"23848",2023,"existing_panel"
"238516",2020,"recovered_inferred_from_targets_set"
"238616",2017,"recovered_historical_committed"
"238725",2021,"recovered_historical_committed"
"23913",2021,"existing_panel"
"23917",2019,"recovered_inferred_from_targets_set"
"239336",2020,"existing_panel"
"239496",2022,"existing_panel"
"239582",2024,"existing_panel"
"239764",2024,"existing_panel"
"240008",2021,"existing_panel"
"2403",2022,"existing_panel"
"240636",2021,"existing_panel"
"240637",2024,"existing_panel"
"240640",2021,"existing_panel"
"240656",2017,"recovered_historical_committed"
"2408",2020,"recovered_inferred_from_targets_set"
"2411",2015,"recovered_historical_committed"
"24113",2021,"existing_panel"
"241159",2021,"existing_panel"
"241161",2019,"recovered_historical_committed"
"241176",2024,"existing_panel"
"241216",2019,"recovered_inferred_from_targets_set"
"241336",2019,"recovered_inferred_from_targets_set"
"241380",2021,"existing_panel"
"241386",2023,"existing_panel"
"241456",2017,"existing_panel"
"241482",2024,"existing_panel"
"241537",2019,"recovered_inferred_from_targets_set"
"241561",2021,"recovered_historical_committed"
"241637",2019,"recovered_inferred_from_targets_set"
"241704",2019,"recovered_inferred_from_targets_set"
"241904",2021,"recovered_historical_committed"
"242143",2023,"existing_panel"
"242144",2021,"existing_panel"
"242371",2021,"existing_panel"
"242977",2017,"recovered_historical_committed"
"242980",2020,"existing_panel"
"243090",2020,"recovered_inferred_from_targets_set"
"243129",2022,"existing_panel"
"24316",2024,"existing_panel"
"243174",2021,"existing_panel"
"243241",2023,"existing_panel"
"243247",2021,"existing_panel"
"243318",2024,"existing_panel"
"243373",2021,"existing_panel"
"243480",2020,"recovered_inferred_from_targets_set"
"243554",2021,"existing_panel"
"243555",2021,"existing_panel"
"243652",2022,"existing_panel"
"243760",2020,"existing_panel"
"243773",2024,"existing_panel"
"243774",2021,"existing_panel"
"24405",2021,"recovered_historical_committed"
"244393",2023,"existing_panel"
"244394",2015,"recovered_historical_committed"
"24468",2016,"recovered_historical_committed"
"245222",2023,"existing_panel"
"245274",2023,"existing_panel"
"245628",2022,"existing_panel"
"24563",2016,"existing_panel"
"245663",2016,"recovered_historical_committed"
"245683",2022,"existing_panel"
"24578",2018,"existing_panel"
"245805",2021,"existing_panel"
"246116",2022,"existing_panel"
"24616",2019,"recovered_historical_committed"
"246216",2022,"existing_panel"
"246217",2021,"recovered_historical_committed"
"24638",2024,"existing_panel"
"246498",2021,"existing_panel"
"246706",2017,"recovered_historical_committed"
"246759",2023,"existing_panel"
"246780",2022,"existing_panel"
"24731",2020,"recovered_inferred_from_targets_set"
"247318",2023,"existing_panel"
"24783",2021,"existing_panel"
"247906",2022,"existing_panel"
"24800",2021,"existing_panel"
"24826",2022,"existing_panel"
"24856",2020,"recovered_historical_committed"
"24905",2022,"existing_panel"
"249178",2017,"recovered_historical_committed"
"24925",2024,"existing_panel"
"249298",2015,"recovered_historical_committed"
"249604",2016,"recovered_historical_committed"
"249738",2017,"recovered_historical_committed"
"249947",2020,"recovered_inferred_from_targets_set"
"250062",2024,"existing_panel"
"25007",2024,"existing_panel"
"2504",2022,"existing_panel"
"250639",2021,"recovered_inferred_from_targets_set"
"250684",2021,"existing_panel"
"250951",2021,"existing_panel"
"251118",2019,"recovered_historical_committed"
"25124",2020,"existing_panel"
"251303",2020,"recovered_inferred_from_targets_set"
"251921",2022,"existing_panel"
"251929",2023,"existing_panel"
"252285",2020,"recovered_historical_committed"
"252295",2019,"recovered_inferred_from_targets_set"
"252378",2019,"recovered_inferred_from_targets_set"
"252384",2021,"existing_panel"
"25256",2021,"existing_panel"
"25259",2019,"recovered_historical_committed"
"252604",2020,"recovered_historical_committed"
"252658",2022,"existing_panel"
"252666",2020,"recovered_historical_committed"
"25279",2022,"existing_panel"
"252819",2021,"existing_panel"
"25283",2021,"existing_panel"
"25313",2024,"existing_panel"
"253596",2021,"recovered_inferred_from_targets_set"
"25389",2021,"existing_panel"
"254244",2022,"existing_panel"
"25434",2020,"recovered_historical_committed"
"25466",2022,"existing_panel"
"2547",2024,"existing_panel"
"255754",2022,"existing_panel"
"255839",2021,"recovered_historical_committed"
"255993",2022,"existing_panel"
"256182",2020,"existing_panel"
"256278",2023,"existing_panel"
"25645",2021,"recovered_historical_committed"
"25648",2022,"existing_panel"
"257018",2017,"recovered_historical_committed"
"25714",2020,"existing_panel"
"25737",2022,"existing_panel"
"2574",2019,"recovered_inferred_from_targets_set"
"25749",2022,"recovered_historical_committed"
"257664",2021,"recovered_historical_committed"
"258080",2021,"existing_panel"
"258176",2022,"existing_panel"
"258460",2019,"recovered_inferred_from_targets_set"
"258620",2021,"existing_panel"
"258648",2022,"existing_panel"
"258683",2020,"existing_panel"
"25870",2024,"existing_panel"
"258898",2022,"existing_panel"
"259013",2020,"existing_panel"
"260029",2022,"existing_panel"
"260279",2021,"existing_panel"
"260322",2020,"existing_panel"
"260565",2023,"existing_panel"
"260729",2021,"existing_panel"
"260774",2019,"recovered_historical_committed"
"260797",2023,"existing_panel"
"26156",2016,"recovered_historical_committed"
"26367",2022,"existing_panel"
"26381",2023,"existing_panel"
"264351",2021,"existing_panel"
"26494",2019,"recovered_historical_committed"
"2663",2020,"recovered_historical_committed"
"2675",2019,"recovered_inferred_from_targets_set"
"268159",2020,"existing_panel"
"268208",2023,"existing_panel"
"268219",2021,"existing_panel"
"268759",2021,"existing_panel"
"268786",2023,"existing_panel"
"268830",2022,"existing_panel"
"269005",2023,"existing_panel"
"269422",2019,"recovered_historical_committed"
"269532",2020,"recovered_historical_committed"
"2696",2016,"recovered_inferred_from_targets_set"
"269631",2022,"existing_panel"
"269744",2020,"existing_panel"
"269835",2022,"existing_panel"
"270034",2022,"existing_panel"
"270043",2023,"existing_panel"
"270045",2021,"recovered_inferred_from_targets_set"
"270046",2019,"recovered_inferred_from_targets_set"
"270074",2019,"existing_panel"
"270321",2021,"recovered_historical_committed"
"270416",2022,"existing_panel"
"270451",2020,"recovered_historical_committed"
"270578",2021,"recovered_historical_committed"
"270615",2022,"existing_panel"
"270785",2024,"existing_panel"
"270790",2022,"existing_panel"
"270791",2020,"recovered_historical_committed"
"270885",2022,"existing_panel"
"271133",2023,"existing_panel"
"271217",2016,"recovered_historical_committed"
"271247",2019,"recovered_historical_committed"
"271438",2024,"existing_panel"
"271471",2020,"recovered_historical_committed"
"271474",2021,"existing_panel"
"271743",2023,"existing_panel"
"271763",2021,"recovered_inferred_from_targets_set"
"271764",2021,"existing_panel"
"271783",2022,"existing_panel"
"271810",2021,"recovered_inferred_from_targets_set"
"271818",2021,"existing_panel"
"271928",2020,"recovered_historical_committed"
"272056",2022,"existing_panel"
"2721",2022,"existing_panel"
"272365",2017,"recovered_historical_committed"
"27240",2022,"recovered_historical_committed"
"272835",2022,"existing_panel"
"272956",2024,"existing_panel"
"273011",2021,"existing_panel"
"273052",2024,"existing_panel"
"273071",2019,"recovered_inferred_from_targets_set"
"273092",2022,"existing_panel"
"273166",2018,"recovered_historical_committed"
"273432",2020,"recovered_inferred_from_targets_set"
"273436",2018,"existing_panel"
"273464",2024,"existing_panel"
"273826",2021,"existing_panel"
"273961",2021,"existing_panel"
"274014",2022,"existing_panel"
"274092",2022,"existing_panel"
"274196",2022,"existing_panel"
"274234",2023,"existing_panel"
"274373",2021,"existing_panel"
"274379",2020,"recovered_inferred_from_targets_set"
"274493",2022,"existing_panel"
"274500",2024,"existing_panel"
"274578",2022,"existing_panel"
"274689",2022,"existing_panel"
"274722",2021,"recovered_historical_committed"
"274729",2017,"recovered_historical_committed"
"274753",2019,"recovered_historical_committed"
"274764",2022,"existing_panel"
"274887",2021,"existing_panel"
"274890",2019,"existing_panel"
"2751",2021,"existing_panel"
"275108",2021,"existing_panel"
"275421",2023,"existing_panel"
"275461",2019,"recovered_historical_committed"
"275802",2021,"existing_panel"
"275893",2022,"existing_panel"
"276568",2022,"existing_panel"
"276585",2021,"recovered_historical_committed"
"277039",2017,"recovered_historical_committed"
"277043",2020,"existing_panel"
"277144",2020,"recovered_historical_committed"
"277846",2020,"recovered_inferred_from_targets_set"
"277851",2022,"existing_panel"
"277881",2022,"existing_panel"
"277897",2022,"recovered_historical_committed"
"277941",2016,"recovered_inferred_from_targets_set"
"278136",2024,"existing_panel"
"278142",2022,"existing_panel"
"278216",2022,"existing_panel"
"278255",2021,"existing_panel"
"278310",2020,"recovered_historical_committed"
"278433",2023,"existing_panel"
"278736",2016,"recovered_historical_committed"
"27914",2021,"existing_panel"
"27928",2019,"recovered_inferred_from_targets_set"
"279315",2021,"existing_panel"
"279327",2020,"recovered_inferred_from_targets_set"
"279445",2021,"existing_panel"
"279502",2022,"existing_panel"
"28118",2022,"existing_panel"
"281772",2016,"recovered_historical_committed"
"281819",2024,"existing_panel"
"28195",2022,"existing_panel"
"282044",2021,"existing_panel"
"28272",2015,"recovered_historical_committed"
"282898",2022,"existing_panel"
"282950",2024,"existing_panel"
"283184",2020,"recovered_historical_committed"
"284153",2023,"existing_panel"
"284165",2019,"recovered_inferred_from_targets_set"
"284216",2023,"existing_panel"
"284521",2020,"recovered_inferred_from_targets_set"
"284523",2021,"recovered_historical_committed"
"284618",2020,"recovered_inferred_from_targets_set"
"284798",2019,"recovered_inferred_from_targets_set"
"28485",2021,"existing_panel"
"284900",2021,"existing_panel"
"284944",2023,"existing_panel"
"28499",2021,"existing_panel"
"285169",2019,"recovered_historical_committed"
"285188",2020,"recovered_historical_committed"
"285213",2022,"existing_panel"
"285317",2019,"existing_panel"
"285365",2023,"existing_panel"
"285513",2021,"existing_panel"
"285563",2021,"existing_panel"
"285964",2024,"existing_panel"
"286158",2022,"existing_panel"
"286331",2022,"existing_panel"
"286911",2023,"existing_panel"
"286961",2021,"existing_panel"
"286983",2023,"existing_panel"
"287113",2024,"existing_panel"
"287169",2022,"existing_panel"
"28719",2024,"existing_panel"
"287294",2021,"existing_panel"
"28733",2021,"existing_panel"
"28742",2023,"existing_panel"
"287525",2020,"existing_panel"
"28790",2021,"existing_panel"
"287943",2020,"recovered_inferred_from_targets_set"
"288153",2020,"existing_panel"
"28838",2021,"existing_panel"
"28839",2016,"recovered_historical_committed"
"2884",2018,"recovered_inferred_from_targets_set"
"28844",2019,"recovered_historical_committed"
"288473",2023,"existing_panel"
"288491",2023,"existing_panel"
"288579",2021,"existing_panel"
"288667",2021,"existing_panel"
"28883",2021,"existing_panel"
"288862",2024,"existing_panel"
"288950",2023,"existing_panel"
"288970",2023,"existing_panel"
"288991",2016,"recovered_historical_committed"
"289032",2022,"existing_panel"
"289073",2023,"existing_panel"
"289259",2019,"recovered_inferred_from_targets_set"
"28930",2021,"existing_panel"
"29015",2020,"recovered_inferred_from_targets_set"
"290154",2024,"existing_panel"
"290542",2020,"recovered_historical_committed"
"291185",2022,"existing_panel"
"29133",2023,"existing_panel"
"291534",2024,"existing_panel"
"292072",2024,"existing_panel"
"292098",2023,"existing_panel"
"292854",2022,"existing_panel"
"292861",2024,"existing_panel"
"293194",2022,"existing_panel"
"293684",2020,"existing_panel"
"293692",2020,"existing_panel"
"293797",2022,"existing_panel"
"29389",2019,"recovered_inferred_from_targets_set"
"293933",2022,"existing_panel"
"294102",2022,"existing_panel"
"294204",2022,"existing_panel"
"294220",2020,"existing_panel"
"294236",2022,"existing_panel"
"294327",2020,"recovered_inferred_from_targets_set"
"294416",2024,"existing_panel"
"294455",2023,"existing_panel"
"294508",2022,"existing_panel"
"294569",2021,"recovered_historical_committed"
"294764",2020,"recovered_historical_committed"
"294795",2022,"existing_panel"
"294807",2022,"existing_panel"
"294932",2022,"existing_panel"
"295326",2022,"existing_panel"
"295421",2022,"existing_panel"
"295526",2020,"recovered_historical_committed"
"295635",2024,"existing_panel"
"295735",2021,"existing_panel"
"295786",2022,"existing_panel"
"295877",2022,"existing_panel"
"295909",2024,"existing_panel"
"295966",2021,"existing_panel"
"29609",2021,"existing_panel"
"296091",2022,"existing_panel"
"296288",2022,"existing_panel"
"296309",2023,"existing_panel"
"296376",2024,"existing_panel"
"296577",2022,"existing_panel"
"296844",2020,"existing_panel"
"297161",2023,"existing_panel"
"29733",2023,"existing_panel"
"29736",2023,"existing_panel"
"297821",2022,"existing_panel"
"297864",2021,"recovered_historical_committed"
"29789",2021,"recovered_historical_committed"
"298235",2019,"recovered_inferred_from_targets_set"
"29830",2021,"recovered_historical_committed"
"29850",2020,"existing_panel"
"298654",2021,"existing_panel"
"298680",2023,"existing_panel"
"29875",2019,"recovered_inferred_from_targets_set"
"29984",2018,"recovered_historical_committed"
"29985",2020,"recovered_inferred_from_targets_set"
"30024",2021,"recovered_historical_committed"
"30091",2020,"recovered_inferred_from_targets_set"
"30112",2019,"recovered_historical_committed"
"3026",2021,"recovered_inferred_from_targets_set"
"30293",2024,"existing_panel"
"30436",2024,"existing_panel"
"30443",2020,"recovered_historical_committed"
"30466",2022,"existing_panel"
"30501",2020,"recovered_inferred_from_targets_set"
"30560",2023,"existing_panel"
"30581",2021,"existing_panel"
"30637",2021,"recovered_inferred_from_targets_set"
"306389",2021,"existing_panel"
"30651",2022,"existing_panel"
"30736",2021,"recovered_historical_committed"
"308388",2022,"existing_panel"
"31142",2019,"recovered_inferred_from_targets_set"
"31160",2022,"existing_panel"
"312008",2024,"existing_panel"
"31207",2020,"existing_panel"
"3121",2019,"recovered_historical_committed"
"312305",2023,"existing_panel"
"312416",2021,"recovered_inferred_from_targets_set"
"312463",2022,"existing_panel"
"312706",2020,"recovered_inferred_from_targets_set"
"313064",2021,"existing_panel"
"313302",2022,"existing_panel"
"313479",2023,"existing_panel"
"313697",2022,"existing_panel"
"313855",2017,"recovered_historical_committed"
"3144",2018,"recovered_inferred_from_targets_set"
"314572",2023,"existing_panel"
"314580",2021,"recovered_historical_committed"
"314874",2021,"existing_panel"
"314943",2021,"existing_panel"
"315135",2024,"existing_panel"
"315265",2022,"existing_panel"
"315423",2022,"existing_panel"
"315527",2022,"existing_panel"
"315566",2018,"recovered_historical_committed"
"315617",2024,"existing_panel"
"315648",2019,"recovered_inferred_from_targets_set"
"315784",2021,"recovered_historical_committed"
"31617",2023,"existing_panel"
"31624",2022,"existing_panel"
"316466",2024,"existing_panel"
"31647",2019,"existing_panel"
"31649",2022,"existing_panel"
"31654",2024,"existing_panel"
"316677",2022,"existing_panel"
"31673",2021,"existing_panel"
"316895",2020,"recovered_historical_committed"
"3170",2015,"recovered_historical_committed"
"317115",2017,"recovered_inferred_from_targets_set"
"317231",2022,"existing_panel"
"317272",2021,"recovered_historical_committed"
"317305",2021,"recovered_historical_committed"
"317427",2020,"recovered_historical_committed"
"317533",2024,"existing_panel"
"317540",2021,"recovered_inferred_from_targets_set"
"317629",2024,"existing_panel"
"317750",2021,"existing_panel"
"317781",2021,"recovered_inferred_from_targets_set"
"317828",2021,"recovered_historical_committed"
"317843",2021,"recovered_inferred_from_targets_set"
"317891",2019,"recovered_historical_committed"
"317908",2021,"existing_panel"
"317991",2021,"existing_panel"
"31802",2019,"existing_panel"
"318426",2022,"existing_panel"
"318434",2019,"recovered_historical_committed"
"318456",2021,"existing_panel"
"318510",2022,"existing_panel"
"318517",2022,"existing_panel"
"318718",2020,"recovered_historical_committed"
"31887",2023,"existing_panel"
"319193",2022,"existing_panel"
"319197",2021,"existing_panel"
"319206",2024,"existing_panel"
"319219",2021,"existing_panel"
"319230",2022,"existing_panel"
"319296",2021,"existing_panel"
"319309",2022,"existing_panel"
"319310",2021,"existing_panel"
"319417",2020,"recovered_inferred_from_targets_set"
"319659",2019,"recovered_historical_committed"
"319744",2022,"existing_panel"
"319865",2021,"existing_panel"
"319915",2022,"existing_panel"
"320611",2024,"existing_panel"
"320614",2024,"existing_panel"
"320631",2022,"existing_panel"
"320635",2024,"existing_panel"
"320662",2022,"existing_panel"
"320732",2022,"existing_panel"
"321234",2022,"existing_panel"
"321569",2023,"existing_panel"
"321591",2019,"recovered_historical_committed"
"321698",2019,"recovered_inferred_from_targets_set"
"321980",2021,"recovered_historical_committed"
"322002",2021,"existing_panel"
"3221",2022,"existing_panel"
"322141",2022,"existing_panel"
"322492",2024,"existing_panel"
"322526",2021,"existing_panel"
"3226",2023,"existing_panel"
"322704",2023,"existing_panel"
"322728",2021,"existing_panel"
"322802",2021,"existing_panel"
"323931",2015,"recovered_historical_committed"
"324218",2021,"existing_panel"
"324648",2022,"existing_panel"
"324742",2022,"existing_panel"
"324770",2019,"recovered_inferred_from_targets_set"
"324859",2022,"existing_panel"
"324941",2023,"existing_panel"
"325544",2023,"existing_panel"
"325572",2019,"recovered_inferred_from_targets_set"
"325656",2020,"existing_panel"
"325735",2023,"existing_panel"
"325792",2022,"existing_panel"
"326064",2022,"existing_panel"
"326097",2021,"recovered_inferred_from_targets_set"
"326164",2022,"existing_panel"
"326273",2022,"existing_panel"
"326351",2023,"existing_panel"
"326566",2021,"existing_panel"
"326765",2020,"recovered_inferred_from_targets_set"
"326822",2021,"existing_panel"
"327027",2024,"existing_panel"
"327436",2021,"existing_panel"
"328494",2022,"existing_panel"
"32855",2022,"existing_panel"
"32980",2022,"existing_panel"
"33037",2023,"existing_panel"
"331385",2020,"existing_panel"
"331793",2024,"existing_panel"
"33232",2024,"existing_panel"
"332700",2023,"existing_panel"
"33301",2021,"existing_panel"
"333135",2019,"existing_panel"
"3336",2022,"existing_panel"
"334028",2020,"recovered_historical_committed"
"334341",2024,"existing_panel"
"335503",2022,"existing_panel"
"3362",2019,"recovered_historical_committed"
"338557",2021,"recovered_historical_committed"
"338640",2021,"existing_panel"
"339015",2019,"recovered_historical_committed"
"340051",2021,"existing_panel"
"340153",2020,"recovered_inferred_from_targets_set"
"34029",2021,"recovered_inferred_from_targets_set"
"34048",2021,"existing_panel"
"34067",2023,"existing_panel"
"34102",2023,"existing_panel"
"342394",2020,"recovered_inferred_from_targets_set"
"343958",2022,"existing_panel"
"34410",2022,"existing_panel"
"346449",2021,"existing_panel"
"347485",2021,"existing_panel"
"347708",2022,"existing_panel"
"34873",2021,"existing_panel"
"35005",2024,"existing_panel"
"35013",2022,"existing_panel"
"35035",2021,"existing_panel"
"3505",2019,"recovered_inferred_from_targets_set"
"35065",2023,"existing_panel"
"35077",2020,"existing_panel"
"35158",2023,"existing_panel"
"35168",2021,"existing_panel"
"3532",2021,"existing_panel"
"35604",2023,"existing_panel"
"35627",2023,"existing_panel"
"35653",2022,"existing_panel"
"35874",2022,"existing_panel"
"3619",2019,"recovered_historical_committed"
"36191",2021,"existing_panel"
"3650",2017,"recovered_historical_committed"
"36910",2021,"existing_panel"
"36973",2022,"existing_panel"
"3708",2021,"existing_panel"
"3734",2021,"existing_panel"
"3735",2024,"existing_panel"
"37382",2023,"existing_panel"
"37824",2024,"existing_panel"
"3813",2018,"recovered_historical_committed"
"3835",2022,"existing_panel"
"3851",2022,"existing_panel"
"38915",2023,"existing_panel"
"3937",2021,"existing_panel"
"4058",2020,"recovered_inferred_from_targets_set"
"4060",2022,"existing_panel"
"4066",2021,"existing_panel"
"4145",2022,"existing_panel"
"4199",2018,"recovered_historical_committed"
"4213",2019,"recovered_inferred_from_targets_set"
"4245",2024,"existing_panel"
"4321",2021,"recovered_inferred_from_targets_set"
"4439",2017,"recovered_historical_committed"
"4510",2021,"existing_panel"
"4579",2016,"recovered_inferred_from_targets_set"
"4611",2022,"existing_panel"
"4839",2020,"recovered_inferred_from_targets_set"
"4925",2017,"recovered_historical_committed"
"4926",2024,"existing_panel"
"4990",2018,"recovered_historical_committed"
"5047",2022,"existing_panel"
"5071",2014,"recovered_inferred_from_targets_set"
"5073",2020,"recovered_inferred_from_targets_set"
"5180",2016,"recovered_historical_committed"
"5234",2022,"existing_panel"
"5518",2022,"existing_panel"
"5526",2021,"existing_panel"
"5543",2021,"recovered_inferred_from_targets_set"
"5572",2020,"recovered_inferred_from_targets_set"
"5597",2019,"recovered_historical_committed"
"5606",2016,"recovered_historical_committed"
"5643",2019,"recovered_inferred_from_targets_set"
"5680",2021,"existing_panel"
"5690",2019,"recovered_historical_committed"
"5709",2021,"existing_panel"
"6034",2020,"recovered_inferred_from_targets_set"
"6078",2019,"recovered_inferred_from_targets_set"
"6104",2020,"recovered_inferred_from_targets_set"
"61067",2015,"existing_panel"
"61214",2021,"recovered_inferred_from_targets_set"
"6136",2021,"existing_panel"
"61440",2015,"recovered_historical_committed"
"61483",2020,"recovered_inferred_from_targets_set"
"61494",2021,"existing_panel"
"61519",2024,"existing_panel"
"61552",2022,"existing_panel"
"61567",2019,"recovered_historical_committed"
"61574",2023,"existing_panel"
"61591",2021,"existing_panel"
"61600",2022,"existing_panel"
"61676",2021,"existing_panel"
"6216",2019,"recovered_inferred_from_targets_set"
"6223",2022,"existing_panel"
"62374",2019,"recovered_inferred_from_targets_set"
"62403",2019,"recovered_historical_committed"
"62557",2019,"recovered_historical_committed"
"6266",2019,"recovered_inferred_from_targets_set"
"6268",2019,"recovered_historical_committed"
"62823",2022,"existing_panel"
"62997",2022,"existing_panel"
"63120",2015,"existing_panel"
"63123",2022,"recovered_historical_committed"
"63169",2020,"recovered_historical_committed"
"63186",2021,"existing_panel"
"63285",2022,"existing_panel"
"63447",2018,"recovered_historical_committed"
"63477",2021,"existing_panel"
"63546",2019,"existing_panel"
"63590",2021,"existing_panel"
"63643",2024,"existing_panel"
"6375",2015,"recovered_historical_committed"
"6379",2024,"existing_panel"
"63919",2022,"existing_panel"
"63927",2021,"recovered_historical_committed"
"64306",2018,"recovered_historical_committed"
"64346",2023,"existing_panel"
"6435",2019,"recovered_historical_committed"
"64389",2021,"existing_panel"
"64577",2021,"existing_panel"
"64690",2021,"recovered_historical_committed"
"64768",2020,"existing_panel"
"64835",2022,"existing_panel"
"64891",2019,"recovered_inferred_from_targets_set"
"64910",2017,"recovered_inferred_from_targets_set"
"64925",2019,"recovered_historical_committed"
"6502",2022,"existing_panel"
"65108",2019,"recovered_historical_committed"
"6512",2019,"recovered_inferred_from_targets_set"
"65248",2022,"existing_panel"
"65417",2020,"recovered_inferred_from_targets_set"
"6543",2021,"existing_panel"
"65430",2020,"recovered_inferred_from_targets_set"
"65439",2022,"existing_panel"
"65613",2023,"existing_panel"
"65615",2024,"existing_panel"
"6565",2021,"existing_panel"
"65772",2021,"existing_panel"
"66016",2022,"existing_panel"
"66290",2019,"recovered_inferred_from_targets_set"
"66600",2020,"recovered_historical_committed"
"6733",2023,"existing_panel"
"6771",2022,"existing_panel"
"6829",2022,"existing_panel"
"6946",2021,"existing_panel"
"7063",2016,"recovered_inferred_from_targets_set"
"7114",2017,"recovered_inferred_from_targets_set"
"7146",2019,"recovered_inferred_from_targets_set"
"7154",2019,"recovered_inferred_from_targets_set"
"7163",2020,"recovered_inferred_from_targets_set"
"7171",2021,"existing_panel"
"7228",2023,"existing_panel"
"7241",2017,"recovered_historical_committed"
"7257",2017,"recovered_historical_committed"
"7401",2022,"existing_panel"
"7637",2022,"existing_panel"
"7652",2018,"recovered_historical_committed"
"7881",2020,"recovered_historical_committed"
"7906",2018,"recovered_historical_committed"
"7922",2020,"existing_panel"
"7923",2020,"recovered_inferred_from_targets_set"
"7982",2022,"existing_panel"
"8020",2017,"recovered_historical_committed"
"8214",2016,"recovered_historical_committed"
"8215",2019,"recovered_inferred_from_targets_set"
"8247",2022,"existing_panel"
"8253",2020,"recovered_inferred_from_targets_set"
"8264",2022,"existing_panel"
"8358",2021,"existing_panel"
"8479",2016,"recovered_inferred_from_targets_set"
"8530",2015,"recovered_inferred_from_targets_set"
"8542",2019,"existing_panel"
"8543",2019,"recovered_historical_committed"
"8546",2015,"recovered_historical_committed"
"8551",2019,"recovered_historical_committed"
"8594",2024,"existing_panel"
"8762",2014,"recovered_inferred_from_targets_set"
"8810",2021,"existing_panel"
"8901",2024,"existing_panel"
"9016",2022,"existing_panel"
"9098",2019,"recovered_historical_committed"
"9135",2015,"recovered_historical_committed"
"9203",2024,"existing_panel"
"9215",2023,"existing_panel"
"9555",2017,"recovered_historical_committed"
"9777",2020,"recovered_historical_committed"
"9815",2020,"recovered_inferred_from_targets_set"
"9818",2015,"recovered_inferred_from_targets_set"
"9899",2019,"recovered_historical_committed"
